datekey,date,day,month,year,quarter,day_month,day_year,week_number
20200101,2020-01-01,Wednesday,Jan,2020,1,1,1,1
20200102,2020-01-02,Thursday,Jan,2020,1,2,2,1
20200103,2020-01-03,Friday,Jan,2020,1,3,3,1
20200104,2020-01-04,Saturday,Jan,2020,1,4,4,1
20200105,2020-01-05,Sunday,Jan,2020,1,5,5,2
20200106,2020-01-06,Monday,Jan,2020,1,6,6,2
20200107,2020-01-07,Tuesday,Jan,2020,1,7,7,2
20200108,2020-01-08,Wednesday,Jan,2020,1,8,8,2
20200109,2020-01-09,Thursday,Jan,2020,1,9,9,2
20200110,2020-01-10,Friday,Jan,2020,1,10,10,2
20200111,2020-01-11,Saturday,Jan,2020,1,11,11,2
20200112,2020-01-12,Sunday,Jan,2020,1,12,12,3
20200113,2020-01-13,Monday,Jan,2020,1,13,13,3
20200114,2020-01-14,Tuesday,Jan,2020,1,14,14,3
20200115,2020-01-15,Wednesday,Jan,2020,1,15,15,3
20200116,2020-01-16,Thursday,Jan,2020,1,16,16,3
20200117,2020-01-17,Friday,Jan,2020,1,17,17,3
20200118,2020-01-18,Saturday,Jan,2020,1,18,18,3
20200119,2020-01-19,Sunday,Jan,2020,1,19,19,4
20200120,2020-01-20,Monday,Jan,2020,1,20,20,4
20200121,2020-01-21,Tuesday,Jan,2020,1,21,21,4
20200122,2020-01-22,Wednesday,Jan,2020,1,22,22,4
20200123,2020-01-23,Thursday,Jan,2020,1,23,23,4
20200124,2020-01-24,Friday,Jan,2020,1,24,24,4
20200125,2020-01-25,Saturday,Jan,2020,1,25,25,4
20200126,2020-01-26,Sunday,Jan,2020,1,26,26,5
20200127,2020-01-27,Monday,Jan,2020,1,27,27,5
20200128,2020-01-28,Tuesday,Jan,2020,1,28,28,5
20200129,2020-01-29,Wednesday,Jan,2020,1,29,29,5
20200130,2020-01-30,Thursday,Jan,2020,1,30,30,5
20200131,2020-01-31,Friday,Jan,2020,1,31,31,5
20200201,2020-02-01,Saturday,Feb,2020,1,1,32,5
20200202,2020-02-02,Sunday,Feb,2020,1,2,33,6
20200203,2020-02-03,Monday,Feb,2020,1,3,34,6
20200204,2020-02-04,Tuesday,Feb,2020,1,4,35,6
20200205,2020-02-05,Wednesday,Feb,2020,1,5,36,6
20200206,2020-02-06,Thursday,Feb,2020,1,6,37,6
20200207,2020-02-07,Friday,Feb,2020,1,7,38,6
20200208,2020-02-08,Saturday,Feb,2020,1,8,39,6
20200209,2020-02-09,Sunday,Feb,2020,1,9,40,7
20200210,2020-02-10,Monday,Feb,2020,1,10,41,7
20200211,2020-02-11,Tuesday,Feb,2020,1,11,42,7
20200212,2020-02-12,Wednesday,Feb,2020,1,12,43,7
20200213,2020-02-13,Thursday,Feb,2020,1,13,44,7
20200214,2020-02-14,Friday,Feb,2020,1,14,45,7
20200215,2020-02-15,Saturday,Feb,2020,1,15,46,7
20200216,2020-02-16,Sunday,Feb,2020,1,16,47,8
20200217,2020-02-17,Monday,Feb,2020,1,17,48,8
20200218,2020-02-18,Tuesday,Feb,2020,1,18,49,8
20200219,2020-02-19,Wednesday,Feb,2020,1,19,50,8
20200220,2020-02-20,Thursday,Feb,2020,1,20,51,8
20200221,2020-02-21,Friday,Feb,2020,1,21,52,8
20200222,2020-02-22,Saturday,Feb,2020,1,22,53,8
20200223,2020-02-23,Sunday,Feb,2020,1,23,54,9
20200224,2020-02-24,Monday,Feb,2020,1,24,55,9
20200225,2020-02-25,Tuesday,Feb,2020,1,25,56,9
20200226,2020-02-26,Wednesday,Feb,2020,1,26,57,9
20200227,2020-02-27,Thursday,Feb,2020,1,27,58,9
20200228,2020-02-28,Friday,Feb,2020,1,28,59,9
20200229,2020-02-29,Saturday,Feb,2020,1,29,60,9
20200301,2020-03-01,Sunday,Mar,2020,1,1,61,10
20200302,2020-03-02,Monday,Mar,2020,1,2,62,10
20200303,2020-03-03,Tuesday,Mar,2020,1,3,63,10
20200304,2020-03-04,Wednesday,Mar,2020,1,4,64,10
20200305,2020-03-05,Thursday,Mar,2020,1,5,65,10
20200306,2020-03-06,Friday,Mar,2020,1,6,66,10
20200307,2020-03-07,Saturday,Mar,2020,1,7,67,10
20200308,2020-03-08,Sunday,Mar,2020,1,8,68,11
20200309,2020-03-09,Monday,Mar,2020,1,9,69,11
20200310,2020-03-10,Tuesday,Mar,2020,1,10,70,11
20200311,2020-03-11,Wednesday,Mar,2020,1,11,71,11
20200312,2020-03-12,Thursday,Mar,2020,1,12,72,11
20200313,2020-03-13,Friday,Mar,2020,1,13,73,11
20200314,2020-03-14,Saturday,Mar,2020,1,14,74,11
20200315,2020-03-15,Sunday,Mar,2020,1,15,75,12
20200316,2020-03-16,Monday,Mar,2020,1,16,76,12
20200317,2020-03-17,Tuesday,Mar,2020,1,17,77,12
20200318,2020-03-18,Wednesday,Mar,2020,1,18,78,12
20200319,2020-03-19,Thursday,Mar,2020,1,19,79,12
20200320,2020-03-20,Friday,Mar,2020,1,20,80,12
20200321,2020-03-21,Saturday,Mar,2020,1,21,81,12
20200322,2020-03-22,Sunday,Mar,2020,1,22,82,13
20200323,2020-03-23,Monday,Mar,2020,1,23,83,13
20200324,2020-03-24,Tuesday,Mar,2020,1,24,84,13
20200325,2020-03-25,Wednesday,Mar,2020,1,25,85,13
20200326,2020-03-26,Thursday,Mar,2020,1,26,86,13
20200327,2020-03-27,Friday,Mar,2020,1,27,87,13
20200328,2020-03-28,Saturday,Mar,2020,1,28,88,13
20200329,2020-03-29,Sunday,Mar,2020,1,29,89,14
20200330,2020-03-30,Monday,Mar,2020,1,30,90,14
20200331,2020-03-31,Tuesday,Mar,2020,1,31,91,14
20200401,2020-04-01,Wednesday,Apr,2020,2,1,92,14
20200402,2020-04-02,Thursday,Apr,2020,2,2,93,14
20200403,2020-04-03,Friday,Apr,2020,2,3,94,14
20200404,2020-04-04,Saturday,Apr,2020,2,4,95,14
20200405,2020-04-05,Sunday,Apr,2020,2,5,96,15
20200406,2020-04-06,Monday,Apr,2020,2,6,97,15
20200407,2020-04-07,Tuesday,Apr,2020,2,7,98,15
20200408,2020-04-08,Wednesday,Apr,2020,2,8,99,15
20200409,2020-04-09,Thursday,Apr,2020,2,9,100,15
20200410,2020-04-10,Friday,Apr,2020,2,10,101,15
20200411,2020-04-11,Saturday,Apr,2020,2,11,102,15
20200412,2020-04-12,Sunday,Apr,2020,2,12,103,16
20200413,2020-04-13,Monday,Apr,2020,2,13,104,16
20200414,2020-04-14,Tuesday,Apr,2020,2,14,105,16
20200415,2020-04-15,Wednesday,Apr,2020,2,15,106,16
20200416,2020-04-16,Thursday,Apr,2020,2,16,107,16
20200417,2020-04-17,Friday,Apr,2020,2,17,108,16
20200418,2020-04-18,Saturday,Apr,2020,2,18,109,16
20200419,2020-04-19,Sunday,Apr,2020,2,19,110,17
20200420,2020-04-20,Monday,Apr,2020,2,20,111,17
20200421,2020-04-21,Tuesday,Apr,2020,2,21,112,17
20200422,2020-04-22,Wednesday,Apr,2020,2,22,113,17
20200423,2020-04-23,Thursday,Apr,2020,2,23,114,17
20200424,2020-04-24,Friday,Apr,2020,2,24,115,17
20200425,2020-04-25,Saturday,Apr,2020,2,25,116,17
20200426,2020-04-26,Sunday,Apr,2020,2,26,117,18
20200427,2020-04-27,Monday,Apr,2020,2,27,118,18
20200428,2020-04-28,Tuesday,Apr,2020,2,28,119,18
20200429,2020-04-29,Wednesday,Apr,2020,2,29,120,18
20200430,2020-04-30,Thursday,Apr,2020,2,30,121,18
20200501,2020-05-01,Friday,May,2020,2,1,122,18
20200502,2020-05-02,Saturday,May,2020,2,2,123,18
20200503,2020-05-03,Sunday,May,2020,2,3,124,19
20200504,2020-05-04,Monday,May,2020,2,4,125,19
20200505,2020-05-05,Tuesday,May,2020,2,5,126,19
20200506,2020-05-06,Wednesday,May,2020,2,6,127,19
20200507,2020-05-07,Thursday,May,2020,2,7,128,19
20200508,2020-05-08,Friday,May,2020,2,8,129,19
20200509,2020-05-09,Saturday,May,2020,2,9,130,19
20200510,2020-05-10,Sunday,May,2020,2,10,131,20
20200511,2020-05-11,Monday,May,2020,2,11,132,20
20200512,2020-05-12,Tuesday,May,2020,2,12,133,20
20200513,2020-05-13,Wednesday,May,2020,2,13,134,20
20200514,2020-05-14,Thursday,May,2020,2,14,135,20
20200515,2020-05-15,Friday,May,2020,2,15,136,20
20200516,2020-05-16,Saturday,May,2020,2,16,137,20
20200517,2020-05-17,Sunday,May,2020,2,17,138,21
20200518,2020-05-18,Monday,May,2020,2,18,139,21
20200519,2020-05-19,Tuesday,May,2020,2,19,140,21
20200520,2020-05-20,Wednesday,May,2020,2,20,141,21
20200521,2020-05-21,Thursday,May,2020,2,21,142,21
20200522,2020-05-22,Friday,May,2020,2,22,143,21
20200523,2020-05-23,Saturday,May,2020,2,23,144,21
20200524,2020-05-24,Sunday,May,2020,2,24,145,22
20200525,2020-05-25,Monday,May,2020,2,25,146,22
20200526,2020-05-26,Tuesday,May,2020,2,26,147,22
20200527,2020-05-27,Wednesday,May,2020,2,27,148,22
20200528,2020-05-28,Thursday,May,2020,2,28,149,22
20200529,2020-05-29,Friday,May,2020,2,29,150,22
20200530,2020-05-30,Saturday,May,2020,2,30,151,22
20200531,2020-05-31,Sunday,May,2020,2,31,152,23
20200601,2020-06-01,Monday,Jun,2020,2,1,153,23
20200602,2020-06-02,Tuesday,Jun,2020,2,2,154,23
20200603,2020-06-03,Wednesday,Jun,2020,2,3,155,23
20200604,2020-06-04,Thursday,Jun,2020,2,4,156,23
20200605,2020-06-05,Friday,Jun,2020,2,5,157,23
20200606,2020-06-06,Saturday,Jun,2020,2,6,158,23
20200607,2020-06-07,Sunday,Jun,2020,2,7,159,24
20200608,2020-06-08,Monday,Jun,2020,2,8,160,24
20200609,2020-06-09,Tuesday,Jun,2020,2,9,161,24
20200610,2020-06-10,Wednesday,Jun,2020,2,10,162,24
20200611,2020-06-11,Thursday,Jun,2020,2,11,163,24
20200612,2020-06-12,Friday,Jun,2020,2,12,164,24
20200613,2020-06-13,Saturday,Jun,2020,2,13,165,24
20200614,2020-06-14,Sunday,Jun,2020,2,14,166,25
20200615,2020-06-15,Monday,Jun,2020,2,15,167,25
20200616,2020-06-16,Tuesday,Jun,2020,2,16,168,25
20200617,2020-06-17,Wednesday,Jun,2020,2,17,169,25
20200618,2020-06-18,Thursday,Jun,2020,2,18,170,25
20200619,2020-06-19,Friday,Jun,2020,2,19,171,25
20200620,2020-06-20,Saturday,Jun,2020,2,20,172,25
20200621,2020-06-21,Sunday,Jun,2020,2,21,173,26
20200622,2020-06-22,Monday,Jun,2020,2,22,174,26
20200623,2020-06-23,Tuesday,Jun,2020,2,23,175,26
20200624,2020-06-24,Wednesday,Jun,2020,2,24,176,26
20200625,2020-06-25,Thursday,Jun,2020,2,25,177,26
20200626,2020-06-26,Friday,Jun,2020,2,26,178,26
20200627,2020-06-27,Saturday,Jun,2020,2,27,179,26
20200628,2020-06-28,Sunday,Jun,2020,2,28,180,27
20200629,2020-06-29,Monday,Jun,2020,2,29,181,27
20200630,2020-06-30,Tuesday,Jun,2020,2,30,182,27
20200701,2020-07-01,Wednesday,Jul,2020,3,1,183,27
20200702,2020-07-02,Thursday,Jul,2020,3,2,184,27
20200703,2020-07-03,Friday,Jul,2020,3,3,185,27
20200704,2020-07-04,Saturday,Jul,2020,3,4,186,27
20200705,2020-07-05,Sunday,Jul,2020,3,5,187,28
20200706,2020-07-06,Monday,Jul,2020,3,6,188,28
20200707,2020-07-07,Tuesday,Jul,2020,3,7,189,28
20200708,2020-07-08,Wednesday,Jul,2020,3,8,190,28
20200709,2020-07-09,Thursday,Jul,2020,3,9,191,28
20200710,2020-07-10,Friday,Jul,2020,3,10,192,28
20200711,2020-07-11,Saturday,Jul,2020,3,11,193,28
20200712,2020-07-12,Sunday,Jul,2020,3,12,194,29
20200713,2020-07-13,Monday,Jul,2020,3,13,195,29
20200714,2020-07-14,Tuesday,Jul,2020,3,14,196,29
20200715,2020-07-15,Wednesday,Jul,2020,3,15,197,29
20200716,2020-07-16,Thursday,Jul,2020,3,16,198,29
20200717,2020-07-17,Friday,Jul,2020,3,17,199,29
20200718,2020-07-18,Saturday,Jul,2020,3,18,200,29
20200719,2020-07-19,Sunday,Jul,2020,3,19,201,30
20200720,2020-07-20,Monday,Jul,2020,3,20,202,30
20200721,2020-07-21,Tuesday,Jul,2020,3,21,203,30
20200722,2020-07-22,Wednesday,Jul,2020,3,22,204,30
20200723,2020-07-23,Thursday,Jul,2020,3,23,205,30
20200724,2020-07-24,Friday,Jul,2020,3,24,206,30
20200725,2020-07-25,Saturday,Jul,2020,3,25,207,30
20200726,2020-07-26,Sunday,Jul,2020,3,26,208,31
20200727,2020-07-27,Monday,Jul,2020,3,27,209,31
20200728,2020-07-28,Tuesday,Jul,2020,3,28,210,31
20200729,2020-07-29,Wednesday,Jul,2020,3,29,211,31
20200730,2020-07-30,Thursday,Jul,2020,3,30,212,31
20200731,2020-07-31,Friday,Jul,2020,3,31,213,31
20200801,2020-08-01,Saturday,Aug,2020,3,1,214,31
20200802,2020-08-02,Sunday,Aug,2020,3,2,215,32
20200803,2020-08-03,Monday,Aug,2020,3,3,216,32
20200804,2020-08-04,Tuesday,Aug,2020,3,4,217,32
20200805,2020-08-05,Wednesday,Aug,2020,3,5,218,32
20200806,2020-08-06,Thursday,Aug,2020,3,6,219,32
20200807,2020-08-07,Friday,Aug,2020,3,7,220,32
20200808,2020-08-08,Saturday,Aug,2020,3,8,221,32
20200809,2020-08-09,Sunday,Aug,2020,3,9,222,33
20200810,2020-08-10,Monday,Aug,2020,3,10,223,33
20200811,2020-08-11,Tuesday,Aug,2020,3,11,224,33
20200812,2020-08-12,Wednesday,Aug,2020,3,12,225,33
20200813,2020-08-13,Thursday,Aug,2020,3,13,226,33
20200814,2020-08-14,Friday,Aug,2020,3,14,227,33
20200815,2020-08-15,Saturday,Aug,2020,3,15,228,33
20200816,2020-08-16,Sunday,Aug,2020,3,16,229,34
20200817,2020-08-17,Monday,Aug,2020,3,17,230,34
20200818,2020-08-18,Tuesday,Aug,2020,3,18,231,34
20200819,2020-08-19,Wednesday,Aug,2020,3,19,232,34
20200820,2020-08-20,Thursday,Aug,2020,3,20,233,34
20200821,2020-08-21,Friday,Aug,2020,3,21,234,34
20200822,2020-08-22,Saturday,Aug,2020,3,22,235,34
20200823,2020-08-23,Sunday,Aug,2020,3,23,236,35
20200824,2020-08-24,Monday,Aug,2020,3,24,237,35
20200825,2020-08-25,Tuesday,Aug,2020,3,25,238,35
20200826,2020-08-26,Wednesday,Aug,2020,3,26,239,35
20200827,2020-08-27,Thursday,Aug,2020,3,27,240,35
20200828,2020-08-28,Friday,Aug,2020,3,28,241,35
20200829,2020-08-29,Saturday,Aug,2020,3,29,242,35
20200830,2020-08-30,Sunday,Aug,2020,3,30,243,36
20200831,2020-08-31,Monday,Aug,2020,3,31,244,36
20200901,2020-09-01,Tuesday,Sep,2020,3,1,245,36
20200902,2020-09-02,Wednesday,Sep,2020,3,2,246,36
20200903,2020-09-03,Thursday,Sep,2020,3,3,247,36
20200904,2020-09-04,Friday,Sep,2020,3,4,248,36
20200905,2020-09-05,Saturday,Sep,2020,3,5,249,36
20200906,2020-09-06,Sunday,Sep,2020,3,6,250,37
20200907,2020-09-07,Monday,Sep,2020,3,7,251,37
20200908,2020-09-08,Tuesday,Sep,2020,3,8,252,37
20200909,2020-09-09,Wednesday,Sep,2020,3,9,253,37
20200910,2020-09-10,Thursday,Sep,2020,3,10,254,37
20200911,2020-09-11,Friday,Sep,2020,3,11,255,37
20200912,2020-09-12,Saturday,Sep,2020,3,12,256,37
20200913,2020-09-13,Sunday,Sep,2020,3,13,257,38
20200914,2020-09-14,Monday,Sep,2020,3,14,258,38
20200915,2020-09-15,Tuesday,Sep,2020,3,15,259,38
20200916,2020-09-16,Wednesday,Sep,2020,3,16,260,38
20200917,2020-09-17,Thursday,Sep,2020,3,17,261,38
20200918,2020-09-18,Friday,Sep,2020,3,18,262,38
20200919,2020-09-19,Saturday,Sep,2020,3,19,263,38
20200920,2020-09-20,Sunday,Sep,2020,3,20,264,39
20200921,2020-09-21,Monday,Sep,2020,3,21,265,39
20200922,2020-09-22,Tuesday,Sep,2020,3,22,266,39
20200923,2020-09-23,Wednesday,Sep,2020,3,23,267,39
20200924,2020-09-24,Thursday,Sep,2020,3,24,268,39
20200925,2020-09-25,Friday,Sep,2020,3,25,269,39
20200926,2020-09-26,Saturday,Sep,2020,3,26,270,39
20200927,2020-09-27,Sunday,Sep,2020,3,27,271,40
20200928,2020-09-28,Monday,Sep,2020,3,28,272,40
20200929,2020-09-29,Tuesday,Sep,2020,3,29,273,40
20200930,2020-09-30,Wednesday,Sep,2020,3,30,274,40
20201001,2020-10-01,Thursday,Oct,2020,4,1,275,40
20201002,2020-10-02,Friday,Oct,2020,4,2,276,40
20201003,2020-10-03,Saturday,Oct,2020,4,3,277,40
20201004,2020-10-04,Sunday,Oct,2020,4,4,278,41
20201005,2020-10-05,Monday,Oct,2020,4,5,279,41
20201006,2020-10-06,Tuesday,Oct,2020,4,6,280,41
20201007,2020-10-07,Wednesday,Oct,2020,4,7,281,41
20201008,2020-10-08,Thursday,Oct,2020,4,8,282,41
20201009,2020-10-09,Friday,Oct,2020,4,9,283,41
20201010,2020-10-10,Saturday,Oct,2020,4,10,284,41
20201011,2020-10-11,Sunday,Oct,2020,4,11,285,42
20201012,2020-10-12,Monday,Oct,2020,4,12,286,42
20201013,2020-10-13,Tuesday,Oct,2020,4,13,287,42
20201014,2020-10-14,Wednesday,Oct,2020,4,14,288,42
20201015,2020-10-15,Thursday,Oct,2020,4,15,289,42
20201016,2020-10-16,Friday,Oct,2020,4,16,290,42
20201017,2020-10-17,Saturday,Oct,2020,4,17,291,42
20201018,2020-10-18,Sunday,Oct,2020,4,18,292,43
20201019,2020-10-19,Monday,Oct,2020,4,19,293,43
20201020,2020-10-20,Tuesday,Oct,2020,4,20,294,43
20201021,2020-10-21,Wednesday,Oct,2020,4,21,295,43
20201022,2020-10-22,Thursday,Oct,2020,4,22,296,43
20201023,2020-10-23,Friday,Oct,2020,4,23,297,43
20201024,2020-10-24,Saturday,Oct,2020,4,24,298,43
20201025,2020-10-25,Sunday,Oct,2020,4,25,299,44
20201026,2020-10-26,Monday,Oct,2020,4,26,300,44
20201027,2020-10-27,Tuesday,Oct,2020,4,27,301,44
20201028,2020-10-28,Wednesday,Oct,2020,4,28,302,44
20201029,2020-10-29,Thursday,Oct,2020,4,29,303,44
20201030,2020-10-30,Friday,Oct,2020,4,30,304,44
20201031,2020-10-31,Saturday,Oct,2020,4,31,305,44
20201101,2020-11-01,Sunday,Nov,2020,4,1,306,45
20201102,2020-11-02,Monday,Nov,2020,4,2,307,45
20201103,2020-11-03,Tuesday,Nov,2020,4,3,308,45
20201104,2020-11-04,Wednesday,Nov,2020,4,4,309,45
20201105,2020-11-05,Thursday,Nov,2020,4,5,310,45
20201106,2020-11-06,Friday,Nov,2020,4,6,311,45
20201107,2020-11-07,Saturday,Nov,2020,4,7,312,45
20201108,2020-11-08,Sunday,Nov,2020,4,8,313,46
20201109,2020-11-09,Monday,Nov,2020,4,9,314,46
20201110,2020-11-10,Tuesday,Nov,2020,4,10,315,46
20201111,2020-11-11,Wednesday,Nov,2020,4,11,316,46
20201112,2020-11-12,Thursday,Nov,2020,4,12,317,46
20201113,2020-11-13,Friday,Nov,2020,4,13,318,46
20201114,2020-11-14,Saturday,Nov,2020,4,14,319,46
20201115,2020-11-15,Sunday,Nov,2020,4,15,320,47
20201116,2020-11-16,Monday,Nov,2020,4,16,321,47
20201117,2020-11-17,Tuesday,Nov,2020,4,17,322,47
20201118,2020-11-18,Wednesday,Nov,2020,4,18,323,47
20201119,2020-11-19,Thursday,Nov,2020,4,19,324,47
20201120,2020-11-20,Friday,Nov,2020,4,20,325,47
20201121,2020-11-21,Saturday,Nov,2020,4,21,326,47
20201122,2020-11-22,Sunday,Nov,2020,4,22,327,48
20201123,2020-11-23,Monday,Nov,2020,4,23,328,48
20201124,2020-11-24,Tuesday,Nov,2020,4,24,329,48
20201125,2020-11-25,Wednesday,Nov,2020,4,25,330,48
20201126,2020-11-26,Thursday,Nov,2020,4,26,331,48
20201127,2020-11-27,Friday,Nov,2020,4,27,332,48
20201128,2020-11-28,Saturday,Nov,2020,4,28,333,48
20201129,2020-11-29,Sunday,Nov,2020,4,29,334,49
20201130,2020-11-30,Monday,Nov,2020,4,30,335,49
20201201,2020-12-01,Tuesday,Dec,2020,4,1,336,49
20201202,2020-12-02,Wednesday,Dec,2020,4,2,337,49
20201203,2020-12-03,Thursday,Dec,2020,4,3,338,49
20201204,2020-12-04,Friday,Dec,2020,4,4,339,49
20201205,2020-12-05,Saturday,Dec,2020,4,5,340,49
20201206,2020-12-06,Sunday,Dec,2020,4,6,341,50
20201207,2020-12-07,Monday,Dec,2020,4,7,342,50
20201208,2020-12-08,Tuesday,Dec,2020,4,8,343,50
20201209,2020-12-09,Wednesday,Dec,2020,4,9,344,50
20201210,2020-12-10,Thursday,Dec,2020,4,10,345,50
20201211,2020-12-11,Friday,Dec,2020,4,11,346,50
20201212,2020-12-12,Saturday,Dec,2020,4,12,347,50
20201213,2020-12-13,Sunday,Dec,2020,4,13,348,51
20201214,2020-12-14,Monday,Dec,2020,4,14,349,51
20201215,2020-12-15,Tuesday,Dec,2020,4,15,350,51
20201216,2020-12-16,Wednesday,Dec,2020,4,16,351,51
20201217,2020-12-17,Thursday,Dec,2020,4,17,352,51
20201218,2020-12-18,Friday,Dec,2020,4,18,353,51
20201219,2020-12-19,Saturday,Dec,2020,4,19,354,51
20201220,2020-12-20,Sunday,Dec,2020,4,20,355,52
20201221,2020-12-21,Monday,Dec,2020,4,21,356,52
20201222,2020-12-22,Tuesday,Dec,2020,4,22,357,52
20201223,2020-12-23,Wednesday,Dec,2020,4,23,358,52
20201224,2020-12-24,Thursday,Dec,2020,4,24,359,52
20201225,2020-12-25,Friday,Dec,2020,4,25,360,52
20201226,2020-12-26,Saturday,Dec,2020,4,26,361,52
20201227,2020-12-27,Sunday,Dec,2020,4,27,362,53
20201228,2020-12-28,Monday,Dec,2020,4,28,363,53
20201229,2020-12-29,Tuesday,Dec,2020,4,29,364,53
20201230,2020-12-30,Wednesday,Dec,2020,4,30,365,53
20201231,2020-12-31,Thursday,Dec,2020,4,31,366,53
20210101,2021-01-01,Friday,Jan,2021,1,1,1,1
20210102,2021-01-02,Saturday,Jan,2021,1,2,2,1
20210103,2021-01-03,Sunday,Jan,2021,1,3,3,2
20210104,2021-01-04,Monday,Jan,2021,1,4,4,2
20210105,2021-01-05,Tuesday,Jan,2021,1,5,5,2
20210106,2021-01-06,Wednesday,Jan,2021,1,6,6,2
20210107,2021-01-07,Thursday,Jan,2021,1,7,7,2
20210108,2021-01-08,Friday,Jan,2021,1,8,8,2
20210109,2021-01-09,Saturday,Jan,2021,1,9,9,2
20210110,2021-01-10,Sunday,Jan,2021,1,10,10,3
20210111,2021-01-11,Monday,Jan,2021,1,11,11,3
20210112,2021-01-12,Tuesday,Jan,2021,1,12,12,3
20210113,2021-01-13,Wednesday,Jan,2021,1,13,13,3
20210114,2021-01-14,Thursday,Jan,2021,1,14,14,3
20210115,2021-01-15,Friday,Jan,2021,1,15,15,3
20210116,2021-01-16,Saturday,Jan,2021,1,16,16,3
20210117,2021-01-17,Sunday,Jan,2021,1,17,17,4
20210118,2021-01-18,Monday,Jan,2021,1,18,18,4
20210119,2021-01-19,Tuesday,Jan,2021,1,19,19,4
20210120,2021-01-20,Wednesday,Jan,2021,1,20,20,4
20210121,2021-01-21,Thursday,Jan,2021,1,21,21,4
20210122,2021-01-22,Friday,Jan,2021,1,22,22,4
20210123,2021-01-23,Saturday,Jan,2021,1,23,23,4
20210124,2021-01-24,Sunday,Jan,2021,1,24,24,5
20210125,2021-01-25,Monday,Jan,2021,1,25,25,5
20210126,2021-01-26,Tuesday,Jan,2021,1,26,26,5
20210127,2021-01-27,Wednesday,Jan,2021,1,27,27,5
20210128,2021-01-28,Thursday,Jan,2021,1,28,28,5
20210129,2021-01-29,Friday,Jan,2021,1,29,29,5
20210130,2021-01-30,Saturday,Jan,2021,1,30,30,5
20210131,2021-01-31,Sunday,Jan,2021,1,31,31,6
20210201,2021-02-01,Monday,Feb,2021,1,1,32,6
20210202,2021-02-02,Tuesday,Feb,2021,1,2,33,6
20210203,2021-02-03,Wednesday,Feb,2021,1,3,34,6
20210204,2021-02-04,Thursday,Feb,2021,1,4,35,6
20210205,2021-02-05,Friday,Feb,2021,1,5,36,6
20210206,2021-02-06,Saturday,Feb,2021,1,6,37,6
20210207,2021-02-07,Sunday,Feb,2021,1,7,38,7
20210208,2021-02-08,Monday,Feb,2021,1,8,39,7
20210209,2021-02-09,Tuesday,Feb,2021,1,9,40,7
20210210,2021-02-10,Wednesday,Feb,2021,1,10,41,7
20210211,2021-02-11,Thursday,Feb,2021,1,11,42,7
20210212,2021-02-12,Friday,Feb,2021,1,12,43,7
20210213,2021-02-13,Saturday,Feb,2021,1,13,44,7
20210214,2021-02-14,Sunday,Feb,2021,1,14,45,8
20210215,2021-02-15,Monday,Feb,2021,1,15,46,8
20210216,2021-02-16,Tuesday,Feb,2021,1,16,47,8
20210217,2021-02-17,Wednesday,Feb,2021,1,17,48,8
20210218,2021-02-18,Thursday,Feb,2021,1,18,49,8
20210219,2021-02-19,Friday,Feb,2021,1,19,50,8
20210220,2021-02-20,Saturday,Feb,2021,1,20,51,8
20210221,2021-02-21,Sunday,Feb,2021,1,21,52,9
20210222,2021-02-22,Monday,Feb,2021,1,22,53,9
20210223,2021-02-23,Tuesday,Feb,2021,1,23,54,9
20210224,2021-02-24,Wednesday,Feb,2021,1,24,55,9
20210225,2021-02-25,Thursday,Feb,2021,1,25,56,9
20210226,2021-02-26,Friday,Feb,2021,1,26,57,9
20210227,2021-02-27,Saturday,Feb,2021,1,27,58,9
20210228,2021-02-28,Sunday,Feb,2021,1,28,59,10
20210301,2021-03-01,Monday,Mar,2021,1,1,60,10
20210302,2021-03-02,Tuesday,Mar,2021,1,2,61,10
20210303,2021-03-03,Wednesday,Mar,2021,1,3,62,10
20210304,2021-03-04,Thursday,Mar,2021,1,4,63,10
20210305,2021-03-05,Friday,Mar,2021,1,5,64,10
20210306,2021-03-06,Saturday,Mar,2021,1,6,65,10
20210307,2021-03-07,Sunday,Mar,2021,1,7,66,11
20210308,2021-03-08,Monday,Mar,2021,1,8,67,11
20210309,2021-03-09,Tuesday,Mar,2021,1,9,68,11
20210310,2021-03-10,Wednesday,Mar,2021,1,10,69,11
20210311,2021-03-11,Thursday,Mar,2021,1,11,70,11
20210312,2021-03-12,Friday,Mar,2021,1,12,71,11
20210313,2021-03-13,Saturday,Mar,2021,1,13,72,11
20210314,2021-03-14,Sunday,Mar,2021,1,14,73,12
20210315,2021-03-15,Monday,Mar,2021,1,15,74,12
20210316,2021-03-16,Tuesday,Mar,2021,1,16,75,12
20210317,2021-03-17,Wednesday,Mar,2021,1,17,76,12
20210318,2021-03-18,Thursday,Mar,2021,1,18,77,12
20210319,2021-03-19,Friday,Mar,2021,1,19,78,12
20210320,2021-03-20,Saturday,Mar,2021,1,20,79,12
20210321,2021-03-21,Sunday,Mar,2021,1,21,80,13
20210322,2021-03-22,Monday,Mar,2021,1,22,81,13
20210323,2021-03-23,Tuesday,Mar,2021,1,23,82,13
20210324,2021-03-24,Wednesday,Mar,2021,1,24,83,13
20210325,2021-03-25,Thursday,Mar,2021,1,25,84,13
20210326,2021-03-26,Friday,Mar,2021,1,26,85,13
20210327,2021-03-27,Saturday,Mar,2021,1,27,86,13
20210328,2021-03-28,Sunday,Mar,2021,1,28,87,14
20210329,2021-03-29,Monday,Mar,2021,1,29,88,14
20210330,2021-03-30,Tuesday,Mar,2021,1,30,89,14
20210331,2021-03-31,Wednesday,Mar,2021,1,31,90,14
20210401,2021-04-01,Thursday,Apr,2021,2,1,91,14
20210402,2021-04-02,Friday,Apr,2021,2,2,92,14
20210403,2021-04-03,Saturday,Apr,2021,2,3,93,14
20210404,2021-04-04,Sunday,Apr,2021,2,4,94,15
20210405,2021-04-05,Monday,Apr,2021,2,5,95,15
20210406,2021-04-06,Tuesday,Apr,2021,2,6,96,15
20210407,2021-04-07,Wednesday,Apr,2021,2,7,97,15
20210408,2021-04-08,Thursday,Apr,2021,2,8,98,15
20210409,2021-04-09,Friday,Apr,2021,2,9,99,15
20210410,2021-04-10,Saturday,Apr,2021,2,10,100,15
20210411,2021-04-11,Sunday,Apr,2021,2,11,101,16
20210412,2021-04-12,Monday,Apr,2021,2,12,102,16
20210413,2021-04-13,Tuesday,Apr,2021,2,13,103,16
20210414,2021-04-14,Wednesday,Apr,2021,2,14,104,16
20210415,2021-04-15,Thursday,Apr,2021,2,15,105,16
20210416,2021-04-16,Friday,Apr,2021,2,16,106,16
20210417,2021-04-17,Saturday,Apr,2021,2,17,107,16
20210418,2021-04-18,Sunday,Apr,2021,2,18,108,17
20210419,2021-04-19,Monday,Apr,2021,2,19,109,17
20210420,2021-04-20,Tuesday,Apr,2021,2,20,110,17
20210421,2021-04-21,Wednesday,Apr,2021,2,21,111,17
20210422,2021-04-22,Thursday,Apr,2021,2,22,112,17
20210423,2021-04-23,Friday,Apr,2021,2,23,113,17
20210424,2021-04-24,Saturday,Apr,2021,2,24,114,17
20210425,2021-04-25,Sunday,Apr,2021,2,25,115,18
20210426,2021-04-26,Monday,Apr,2021,2,26,116,18
20210427,2021-04-27,Tuesday,Apr,2021,2,27,117,18
20210428,2021-04-28,Wednesday,Apr,2021,2,28,118,18
20210429,2021-04-29,Thursday,Apr,2021,2,29,119,18
20210430,2021-04-30,Friday,Apr,2021,2,30,120,18
20210501,2021-05-01,Saturday,May,2021,2,1,121,18
20210502,2021-05-02,Sunday,May,2021,2,2,122,19
20210503,2021-05-03,Monday,May,2021,2,3,123,19
20210504,2021-05-04,Tuesday,May,2021,2,4,124,19
20210505,2021-05-05,Wednesday,May,2021,2,5,125,19
20210506,2021-05-06,Thursday,May,2021,2,6,126,19
20210507,2021-05-07,Friday,May,2021,2,7,127,19
20210508,2021-05-08,Saturday,May,2021,2,8,128,19
20210509,2021-05-09,Sunday,May,2021,2,9,129,20
20210510,2021-05-10,Monday,May,2021,2,10,130,20
20210511,2021-05-11,Tuesday,May,2021,2,11,131,20
20210512,2021-05-12,Wednesday,May,2021,2,12,132,20
20210513,2021-05-13,Thursday,May,2021,2,13,133,20
20210514,2021-05-14,Friday,May,2021,2,14,134,20
20210515,2021-05-15,Saturday,May,2021,2,15,135,20
20210516,2021-05-16,Sunday,May,2021,2,16,136,21
20210517,2021-05-17,Monday,May,2021,2,17,137,21
20210518,2021-05-18,Tuesday,May,2021,2,18,138,21
20210519,2021-05-19,Wednesday,May,2021,2,19,139,21
20210520,2021-05-20,Thursday,May,2021,2,20,140,21
20210521,2021-05-21,Friday,May,2021,2,21,141,21
20210522,2021-05-22,Saturday,May,2021,2,22,142,21
20210523,2021-05-23,Sunday,May,2021,2,23,143,22
20210524,2021-05-24,Monday,May,2021,2,24,144,22
20210525,2021-05-25,Tuesday,May,2021,2,25,145,22
20210526,2021-05-26,Wednesday,May,2021,2,26,146,22
20210527,2021-05-27,Thursday,May,2021,2,27,147,22
20210528,2021-05-28,Friday,May,2021,2,28,148,22
20210529,2021-05-29,Saturday,May,2021,2,29,149,22
20210530,2021-05-30,Sunday,May,2021,2,30,150,23
20210531,2021-05-31,Monday,May,2021,2,31,151,23
20210601,2021-06-01,Tuesday,Jun,2021,2,1,152,23
20210602,2021-06-02,Wednesday,Jun,2021,2,2,153,23
20210603,2021-06-03,Thursday,Jun,2021,2,3,154,23
20210604,2021-06-04,Friday,Jun,2021,2,4,155,23
20210605,2021-06-05,Saturday,Jun,2021,2,5,156,23
20210606,2021-06-06,Sunday,Jun,2021,2,6,157,24
20210607,2021-06-07,Monday,Jun,2021,2,7,158,24
20210608,2021-06-08,Tuesday,Jun,2021,2,8,159,24
20210609,2021-06-09,Wednesday,Jun,2021,2,9,160,24
20210610,2021-06-10,Thursday,Jun,2021,2,10,161,24
20210611,2021-06-11,Friday,Jun,2021,2,11,162,24
20210612,2021-06-12,Saturday,Jun,2021,2,12,163,24
20210613,2021-06-13,Sunday,Jun,2021,2,13,164,25
20210614,2021-06-14,Monday,Jun,2021,2,14,165,25
20210615,2021-06-15,Tuesday,Jun,2021,2,15,166,25
20210616,2021-06-16,Wednesday,Jun,2021,2,16,167,25
20210617,2021-06-17,Thursday,Jun,2021,2,17,168,25
20210618,2021-06-18,Friday,Jun,2021,2,18,169,25
20210619,2021-06-19,Saturday,Jun,2021,2,19,170,25
20210620,2021-06-20,Sunday,Jun,2021,2,20,171,26
20210621,2021-06-21,Monday,Jun,2021,2,21,172,26
20210622,2021-06-22,Tuesday,Jun,2021,2,22,173,26
20210623,2021-06-23,Wednesday,Jun,2021,2,23,174,26
20210624,2021-06-24,Thursday,Jun,2021,2,24,175,26
20210625,2021-06-25,Friday,Jun,2021,2,25,176,26
20210626,2021-06-26,Saturday,Jun,2021,2,26,177,26
20210627,2021-06-27,Sunday,Jun,2021,2,27,178,27
20210628,2021-06-28,Monday,Jun,2021,2,28,179,27
20210629,2021-06-29,Tuesday,Jun,2021,2,29,180,27
20210630,2021-06-30,Wednesday,Jun,2021,2,30,181,27
20210701,2021-07-01,Thursday,Jul,2021,3,1,182,27
20210702,2021-07-02,Friday,Jul,2021,3,2,183,27
20210703,2021-07-03,Saturday,Jul,2021,3,3,184,27
20210704,2021-07-04,Sunday,Jul,2021,3,4,185,28
20210705,2021-07-05,Monday,Jul,2021,3,5,186,28
20210706,2021-07-06,Tuesday,Jul,2021,3,6,187,28
20210707,2021-07-07,Wednesday,Jul,2021,3,7,188,28
20210708,2021-07-08,Thursday,Jul,2021,3,8,189,28
20210709,2021-07-09,Friday,Jul,2021,3,9,190,28
20210710,2021-07-10,Saturday,Jul,2021,3,10,191,28
20210711,2021-07-11,Sunday,Jul,2021,3,11,192,29
20210712,2021-07-12,Monday,Jul,2021,3,12,193,29
20210713,2021-07-13,Tuesday,Jul,2021,3,13,194,29
20210714,2021-07-14,Wednesday,Jul,2021,3,14,195,29
20210715,2021-07-15,Thursday,Jul,2021,3,15,196,29
20210716,2021-07-16,Friday,Jul,2021,3,16,197,29
20210717,2021-07-17,Saturday,Jul,2021,3,17,198,29
20210718,2021-07-18,Sunday,Jul,2021,3,18,199,30
20210719,2021-07-19,Monday,Jul,2021,3,19,200,30
20210720,2021-07-20,Tuesday,Jul,2021,3,20,201,30
20210721,2021-07-21,Wednesday,Jul,2021,3,21,202,30
20210722,2021-07-22,Thursday,Jul,2021,3,22,203,30
20210723,2021-07-23,Friday,Jul,2021,3,23,204,30
20210724,2021-07-24,Saturday,Jul,2021,3,24,205,30
20210725,2021-07-25,Sunday,Jul,2021,3,25,206,31
20210726,2021-07-26,Monday,Jul,2021,3,26,207,31
20210727,2021-07-27,Tuesday,Jul,2021,3,27,208,31
20210728,2021-07-28,Wednesday,Jul,2021,3,28,209,31
20210729,2021-07-29,Thursday,Jul,2021,3,29,210,31
20210730,2021-07-30,Friday,Jul,2021,3,30,211,31
20210731,2021-07-31,Saturday,Jul,2021,3,31,212,31
20210801,2021-08-01,Sunday,Aug,2021,3,1,213,32
20210802,2021-08-02,Monday,Aug,2021,3,2,214,32
20210803,2021-08-03,Tuesday,Aug,2021,3,3,215,32
20210804,2021-08-04,Wednesday,Aug,2021,3,4,216,32
20210805,2021-08-05,Thursday,Aug,2021,3,5,217,32
20210806,2021-08-06,Friday,Aug,2021,3,6,218,32
20210807,2021-08-07,Saturday,Aug,2021,3,7,219,32
20210808,2021-08-08,Sunday,Aug,2021,3,8,220,33
20210809,2021-08-09,Monday,Aug,2021,3,9,221,33
20210810,2021-08-10,Tuesday,Aug,2021,3,10,222,33
20210811,2021-08-11,Wednesday,Aug,2021,3,11,223,33
20210812,2021-08-12,Thursday,Aug,2021,3,12,224,33
20210813,2021-08-13,Friday,Aug,2021,3,13,225,33
20210814,2021-08-14,Saturday,Aug,2021,3,14,226,33
20210815,2021-08-15,Sunday,Aug,2021,3,15,227,34
20210816,2021-08-16,Monday,Aug,2021,3,16,228,34
20210817,2021-08-17,Tuesday,Aug,2021,3,17,229,34
20210818,2021-08-18,Wednesday,Aug,2021,3,18,230,34
20210819,2021-08-19,Thursday,Aug,2021,3,19,231,34
20210820,2021-08-20,Friday,Aug,2021,3,20,232,34
20210821,2021-08-21,Saturday,Aug,2021,3,21,233,34
20210822,2021-08-22,Sunday,Aug,2021,3,22,234,35
20210823,2021-08-23,Monday,Aug,2021,3,23,235,35
20210824,2021-08-24,Tuesday,Aug,2021,3,24,236,35
20210825,2021-08-25,Wednesday,Aug,2021,3,25,237,35
20210826,2021-08-26,Thursday,Aug,2021,3,26,238,35
20210827,2021-08-27,Friday,Aug,2021,3,27,239,35
20210828,2021-08-28,Saturday,Aug,2021,3,28,240,35
20210829,2021-08-29,Sunday,Aug,2021,3,29,241,36
20210830,2021-08-30,Monday,Aug,2021,3,30,242,36
20210831,2021-08-31,Tuesday,Aug,2021,3,31,243,36
20210901,2021-09-01,Wednesday,Sep,2021,3,1,244,36
20210902,2021-09-02,Thursday,Sep,2021,3,2,245,36
20210903,2021-09-03,Friday,Sep,2021,3,3,246,36
20210904,2021-09-04,Saturday,Sep,2021,3,4,247,36
20210905,2021-09-05,Sunday,Sep,2021,3,5,248,37
20210906,2021-09-06,Monday,Sep,2021,3,6,249,37
20210907,2021-09-07,Tuesday,Sep,2021,3,7,250,37
20210908,2021-09-08,Wednesday,Sep,2021,3,8,251,37
20210909,2021-09-09,Thursday,Sep,2021,3,9,252,37
20210910,2021-09-10,Friday,Sep,2021,3,10,253,37
20210911,2021-09-11,Saturday,Sep,2021,3,11,254,37
20210912,2021-09-12,Sunday,Sep,2021,3,12,255,38
20210913,2021-09-13,Monday,Sep,2021,3,13,256,38
20210914,2021-09-14,Tuesday,Sep,2021,3,14,257,38
20210915,2021-09-15,Wednesday,Sep,2021,3,15,258,38
20210916,2021-09-16,Thursday,Sep,2021,3,16,259,38
20210917,2021-09-17,Friday,Sep,2021,3,17,260,38
20210918,2021-09-18,Saturday,Sep,2021,3,18,261,38
20210919,2021-09-19,Sunday,Sep,2021,3,19,262,39
20210920,2021-09-20,Monday,Sep,2021,3,20,263,39
20210921,2021-09-21,Tuesday,Sep,2021,3,21,264,39
20210922,2021-09-22,Wednesday,Sep,2021,3,22,265,39
20210923,2021-09-23,Thursday,Sep,2021,3,23,266,39
20210924,2021-09-24,Friday,Sep,2021,3,24,267,39
20210925,2021-09-25,Saturday,Sep,2021,3,25,268,39
20210926,2021-09-26,Sunday,Sep,2021,3,26,269,40
20210927,2021-09-27,Monday,Sep,2021,3,27,270,40
20210928,2021-09-28,Tuesday,Sep,2021,3,28,271,40
20210929,2021-09-29,Wednesday,Sep,2021,3,29,272,40
20210930,2021-09-30,Thursday,Sep,2021,3,30,273,40
20211001,2021-10-01,Friday,Oct,2021,4,1,274,40
20211002,2021-10-02,Saturday,Oct,2021,4,2,275,40
20211003,2021-10-03,Sunday,Oct,2021,4,3,276,41
20211004,2021-10-04,Monday,Oct,2021,4,4,277,41
20211005,2021-10-05,Tuesday,Oct,2021,4,5,278,41
20211006,2021-10-06,Wednesday,Oct,2021,4,6,279,41
20211007,2021-10-07,Thursday,Oct,2021,4,7,280,41
20211008,2021-10-08,Friday,Oct,2021,4,8,281,41
20211009,2021-10-09,Saturday,Oct,2021,4,9,282,41
20211010,2021-10-10,Sunday,Oct,2021,4,10,283,42
20211011,2021-10-11,Monday,Oct,2021,4,11,284,42
20211012,2021-10-12,Tuesday,Oct,2021,4,12,285,42
20211013,2021-10-13,Wednesday,Oct,2021,4,13,286,42
20211014,2021-10-14,Thursday,Oct,2021,4,14,287,42
20211015,2021-10-15,Friday,Oct,2021,4,15,288,42
20211016,2021-10-16,Saturday,Oct,2021,4,16,289,42
20211017,2021-10-17,Sunday,Oct,2021,4,17,290,43
20211018,2021-10-18,Monday,Oct,2021,4,18,291,43
20211019,2021-10-19,Tuesday,Oct,2021,4,19,292,43
20211020,2021-10-20,Wednesday,Oct,2021,4,20,293,43
20211021,2021-10-21,Thursday,Oct,2021,4,21,294,43
20211022,2021-10-22,Friday,Oct,2021,4,22,295,43
20211023,2021-10-23,Saturday,Oct,2021,4,23,296,43
20211024,2021-10-24,Sunday,Oct,2021,4,24,297,44
20211025,2021-10-25,Monday,Oct,2021,4,25,298,44
20211026,2021-10-26,Tuesday,Oct,2021,4,26,299,44
20211027,2021-10-27,Wednesday,Oct,2021,4,27,300,44
20211028,2021-10-28,Thursday,Oct,2021,4,28,301,44
20211029,2021-10-29,Friday,Oct,2021,4,29,302,44
20211030,2021-10-30,Saturday,Oct,2021,4,30,303,44
20211031,2021-10-31,Sunday,Oct,2021,4,31,304,45
20211101,2021-11-01,Monday,Nov,2021,4,1,305,45
20211102,2021-11-02,Tuesday,Nov,2021,4,2,306,45
20211103,2021-11-03,Wednesday,Nov,2021,4,3,307,45
20211104,2021-11-04,Thursday,Nov,2021,4,4,308,45
20211105,2021-11-05,Friday,Nov,2021,4,5,309,45
20211106,2021-11-06,Saturday,Nov,2021,4,6,310,45
20211107,2021-11-07,Sunday,Nov,2021,4,7,311,46
20211108,2021-11-08,Monday,Nov,2021,4,8,312,46
20211109,2021-11-09,Tuesday,Nov,2021,4,9,313,46
20211110,2021-11-10,Wednesday,Nov,2021,4,10,314,46
20211111,2021-11-11,Thursday,Nov,2021,4,11,315,46
20211112,2021-11-12,Friday,Nov,2021,4,12,316,46
20211113,2021-11-13,Saturday,Nov,2021,4,13,317,46
20211114,2021-11-14,Sunday,Nov,2021,4,14,318,47
20211115,2021-11-15,Monday,Nov,2021,4,15,319,47
20211116,2021-11-16,Tuesday,Nov,2021,4,16,320,47
20211117,2021-11-17,Wednesday,Nov,2021,4,17,321,47
20211118,2021-11-18,Thursday,Nov,2021,4,18,322,47
20211119,2021-11-19,Friday,Nov,2021,4,19,323,47
20211120,2021-11-20,Saturday,Nov,2021,4,20,324,47
20211121,2021-11-21,Sunday,Nov,2021,4,21,325,48
20211122,2021-11-22,Monday,Nov,2021,4,22,326,48
20211123,2021-11-23,Tuesday,Nov,2021,4,23,327,48
20211124,2021-11-24,Wednesday,Nov,2021,4,24,328,48
20211125,2021-11-25,Thursday,Nov,2021,4,25,329,48
20211126,2021-11-26,Friday,Nov,2021,4,26,330,48
20211127,2021-11-27,Saturday,Nov,2021,4,27,331,48
20211128,2021-11-28,Sunday,Nov,2021,4,28,332,49
20211129,2021-11-29,Monday,Nov,2021,4,29,333,49
20211130,2021-11-30,Tuesday,Nov,2021,4,30,334,49
20211201,2021-12-01,Wednesday,Dec,2021,4,1,335,49
20211202,2021-12-02,Thursday,Dec,2021,4,2,336,49
20211203,2021-12-03,Friday,Dec,2021,4,3,337,49
20211204,2021-12-04,Saturday,Dec,2021,4,4,338,49
20211205,2021-12-05,Sunday,Dec,2021,4,5,339,50
20211206,2021-12-06,Monday,Dec,2021,4,6,340,50
20211207,2021-12-07,Tuesday,Dec,2021,4,7,341,50
20211208,2021-12-08,Wednesday,Dec,2021,4,8,342,50
20211209,2021-12-09,Thursday,Dec,2021,4,9,343,50
20211210,2021-12-10,Friday,Dec,2021,4,10,344,50
20211211,2021-12-11,Saturday,Dec,2021,4,11,345,50
20211212,2021-12-12,Sunday,Dec,2021,4,12,346,51
20211213,2021-12-13,Monday,Dec,2021,4,13,347,51
20211214,2021-12-14,Tuesday,Dec,2021,4,14,348,51
20211215,2021-12-15,Wednesday,Dec,2021,4,15,349,51
20211216,2021-12-16,Thursday,Dec,2021,4,16,350,51
20211217,2021-12-17,Friday,Dec,2021,4,17,351,51
20211218,2021-12-18,Saturday,Dec,2021,4,18,352,51
20211219,2021-12-19,Sunday,Dec,2021,4,19,353,52
20211220,2021-12-20,Monday,Dec,2021,4,20,354,52
20211221,2021-12-21,Tuesday,Dec,2021,4,21,355,52
20211222,2021-12-22,Wednesday,Dec,2021,4,22,356,52
20211223,2021-12-23,Thursday,Dec,2021,4,23,357,52
20211224,2021-12-24,Friday,Dec,2021,4,24,358,52
20211225,2021-12-25,Saturday,Dec,2021,4,25,359,52
20211226,2021-12-26,Sunday,Dec,2021,4,26,360,53
20211227,2021-12-27,Monday,Dec,2021,4,27,361,53
20211228,2021-12-28,Tuesday,Dec,2021,4,28,362,53
20211229,2021-12-29,Wednesday,Dec,2021,4,29,363,53
20211230,2021-12-30,Thursday,Dec,2021,4,30,364,53
20211231,2021-12-31,Friday,Dec,2021,4,31,365,53
20220101,2022-01-01,Saturday,Jan,2022,1,1,1,1
20220102,2022-01-02,Sunday,Jan,2022,1,2,2,2
20220103,2022-01-03,Monday,Jan,2022,1,3,3,2
20220104,2022-01-04,Tuesday,Jan,2022,1,4,4,2
20220105,2022-01-05,Wednesday,Jan,2022,1,5,5,2
20220106,2022-01-06,Thursday,Jan,2022,1,6,6,2
20220107,2022-01-07,Friday,Jan,2022,1,7,7,2
20220108,2022-01-08,Saturday,Jan,2022,1,8,8,2
20220109,2022-01-09,Sunday,Jan,2022,1,9,9,3
20220110,2022-01-10,Monday,Jan,2022,1,10,10,3
20220111,2022-01-11,Tuesday,Jan,2022,1,11,11,3
20220112,2022-01-12,Wednesday,Jan,2022,1,12,12,3
20220113,2022-01-13,Thursday,Jan,2022,1,13,13,3
20220114,2022-01-14,Friday,Jan,2022,1,14,14,3
20220115,2022-01-15,Saturday,Jan,2022,1,15,15,3
20220116,2022-01-16,Sunday,Jan,2022,1,16,16,4
20220117,2022-01-17,Monday,Jan,2022,1,17,17,4
20220118,2022-01-18,Tuesday,Jan,2022,1,18,18,4
20220119,2022-01-19,Wednesday,Jan,2022,1,19,19,4
20220120,2022-01-20,Thursday,Jan,2022,1,20,20,4
20220121,2022-01-21,Friday,Jan,2022,1,21,21,4
20220122,2022-01-22,Saturday,Jan,2022,1,22,22,4
20220123,2022-01-23,Sunday,Jan,2022,1,23,23,5
20220124,2022-01-24,Monday,Jan,2022,1,24,24,5
20220125,2022-01-25,Tuesday,Jan,2022,1,25,25,5
20220126,2022-01-26,Wednesday,Jan,2022,1,26,26,5
20220127,2022-01-27,Thursday,Jan,2022,1,27,27,5
20220128,2022-01-28,Friday,Jan,2022,1,28,28,5
20220129,2022-01-29,Saturday,Jan,2022,1,29,29,5
20220130,2022-01-30,Sunday,Jan,2022,1,30,30,6
20220131,2022-01-31,Monday,Jan,2022,1,31,31,6
20220201,2022-02-01,Tuesday,Feb,2022,1,1,32,6
20220202,2022-02-02,Wednesday,Feb,2022,1,2,33,6
20220203,2022-02-03,Thursday,Feb,2022,1,3,34,6
20220204,2022-02-04,Friday,Feb,2022,1,4,35,6
20220205,2022-02-05,Saturday,Feb,2022,1,5,36,6
20220206,2022-02-06,Sunday,Feb,2022,1,6,37,7
20220207,2022-02-07,Monday,Feb,2022,1,7,38,7
20220208,2022-02-08,Tuesday,Feb,2022,1,8,39,7
20220209,2022-02-09,Wednesday,Feb,2022,1,9,40,7
20220210,2022-02-10,Thursday,Feb,2022,1,10,41,7
20220211,2022-02-11,Friday,Feb,2022,1,11,42,7
20220212,2022-02-12,Saturday,Feb,2022,1,12,43,7
20220213,2022-02-13,Sunday,Feb,2022,1,13,44,8
20220214,2022-02-14,Monday,Feb,2022,1,14,45,8
20220215,2022-02-15,Tuesday,Feb,2022,1,15,46,8
20220216,2022-02-16,Wednesday,Feb,2022,1,16,47,8
20220217,2022-02-17,Thursday,Feb,2022,1,17,48,8
20220218,2022-02-18,Friday,Feb,2022,1,18,49,8
20220219,2022-02-19,Saturday,Feb,2022,1,19,50,8
20220220,2022-02-20,Sunday,Feb,2022,1,20,51,9
20220221,2022-02-21,Monday,Feb,2022,1,21,52,9
20220222,2022-02-22,Tuesday,Feb,2022,1,22,53,9
20220223,2022-02-23,Wednesday,Feb,2022,1,23,54,9
20220224,2022-02-24,Thursday,Feb,2022,1,24,55,9
20220225,2022-02-25,Friday,Feb,2022,1,25,56,9
20220226,2022-02-26,Saturday,Feb,2022,1,26,57,9
20220227,2022-02-27,Sunday,Feb,2022,1,27,58,10
20220228,2022-02-28,Monday,Feb,2022,1,28,59,10
20220301,2022-03-01,Tuesday,Mar,2022,1,1,60,10
20220302,2022-03-02,Wednesday,Mar,2022,1,2,61,10
20220303,2022-03-03,Thursday,Mar,2022,1,3,62,10
20220304,2022-03-04,Friday,Mar,2022,1,4,63,10
20220305,2022-03-05,Saturday,Mar,2022,1,5,64,10
20220306,2022-03-06,Sunday,Mar,2022,1,6,65,11
20220307,2022-03-07,Monday,Mar,2022,1,7,66,11
20220308,2022-03-08,Tuesday,Mar,2022,1,8,67,11
20220309,2022-03-09,Wednesday,Mar,2022,1,9,68,11
20220310,2022-03-10,Thursday,Mar,2022,1,10,69,11
20220311,2022-03-11,Friday,Mar,2022,1,11,70,11
20220312,2022-03-12,Saturday,Mar,2022,1,12,71,11
20220313,2022-03-13,Sunday,Mar,2022,1,13,72,12
20220314,2022-03-14,Monday,Mar,2022,1,14,73,12
20220315,2022-03-15,Tuesday,Mar,2022,1,15,74,12
20220316,2022-03-16,Wednesday,Mar,2022,1,16,75,12
20220317,2022-03-17,Thursday,Mar,2022,1,17,76,12
20220318,2022-03-18,Friday,Mar,2022,1,18,77,12
20220319,2022-03-19,Saturday,Mar,2022,1,19,78,12
20220320,2022-03-20,Sunday,Mar,2022,1,20,79,13
20220321,2022-03-21,Monday,Mar,2022,1,21,80,13
20220322,2022-03-22,Tuesday,Mar,2022,1,22,81,13
20220323,2022-03-23,Wednesday,Mar,2022,1,23,82,13
20220324,2022-03-24,Thursday,Mar,2022,1,24,83,13
20220325,2022-03-25,Friday,Mar,2022,1,25,84,13
20220326,2022-03-26,Saturday,Mar,2022,1,26,85,13
20220327,2022-03-27,Sunday,Mar,2022,1,27,86,14
20220328,2022-03-28,Monday,Mar,2022,1,28,87,14
20220329,2022-03-29,Tuesday,Mar,2022,1,29,88,14
20220330,2022-03-30,Wednesday,Mar,2022,1,30,89,14
20220331,2022-03-31,Thursday,Mar,2022,1,31,90,14
20220401,2022-04-01,Friday,Apr,2022,2,1,91,14
20220402,2022-04-02,Saturday,Apr,2022,2,2,92,14
20220403,2022-04-03,Sunday,Apr,2022,2,3,93,15
20220404,2022-04-04,Monday,Apr,2022,2,4,94,15
20220405,2022-04-05,Tuesday,Apr,2022,2,5,95,15
20220406,2022-04-06,Wednesday,Apr,2022,2,6,96,15
20220407,2022-04-07,Thursday,Apr,2022,2,7,97,15
20220408,2022-04-08,Friday,Apr,2022,2,8,98,15
20220409,2022-04-09,Saturday,Apr,2022,2,9,99,15
20220410,2022-04-10,Sunday,Apr,2022,2,10,100,16
20220411,2022-04-11,Monday,Apr,2022,2,11,101,16
20220412,2022-04-12,Tuesday,Apr,2022,2,12,102,16
20220413,2022-04-13,Wednesday,Apr,2022,2,13,103,16
20220414,2022-04-14,Thursday,Apr,2022,2,14,104,16
20220415,2022-04-15,Friday,Apr,2022,2,15,105,16
20220416,2022-04-16,Saturday,Apr,2022,2,16,106,16
20220417,2022-04-17,Sunday,Apr,2022,2,17,107,17
20220418,2022-04-18,Monday,Apr,2022,2,18,108,17
20220419,2022-04-19,Tuesday,Apr,2022,2,19,109,17
20220420,2022-04-20,Wednesday,Apr,2022,2,20,110,17
20220421,2022-04-21,Thursday,Apr,2022,2,21,111,17
20220422,2022-04-22,Friday,Apr,2022,2,22,112,17
20220423,2022-04-23,Saturday,Apr,2022,2,23,113,17
20220424,2022-04-24,Sunday,Apr,2022,2,24,114,18
20220425,2022-04-25,Monday,Apr,2022,2,25,115,18
20220426,2022-04-26,Tuesday,Apr,2022,2,26,116,18
20220427,2022-04-27,Wednesday,Apr,2022,2,27,117,18
20220428,2022-04-28,Thursday,Apr,2022,2,28,118,18
20220429,2022-04-29,Friday,Apr,2022,2,29,119,18
20220430,2022-04-30,Saturday,Apr,2022,2,30,120,18
20220501,2022-05-01,Sunday,May,2022,2,1,121,19
20220502,2022-05-02,Monday,May,2022,2,2,122,19
20220503,2022-05-03,Tuesday,May,2022,2,3,123,19
20220504,2022-05-04,Wednesday,May,2022,2,4,124,19
20220505,2022-05-05,Thursday,May,2022,2,5,125,19
20220506,2022-05-06,Friday,May,2022,2,6,126,19
20220507,2022-05-07,Saturday,May,2022,2,7,127,19
20220508,2022-05-08,Sunday,May,2022,2,8,128,20
20220509,2022-05-09,Monday,May,2022,2,9,129,20
20220510,2022-05-10,Tuesday,May,2022,2,10,130,20
20220511,2022-05-11,Wednesday,May,2022,2,11,131,20
20220512,2022-05-12,Thursday,May,2022,2,12,132,20
20220513,2022-05-13,Friday,May,2022,2,13,133,20
20220514,2022-05-14,Saturday,May,2022,2,14,134,20
20220515,2022-05-15,Sunday,May,2022,2,15,135,21
20220516,2022-05-16,Monday,May,2022,2,16,136,21
20220517,2022-05-17,Tuesday,May,2022,2,17,137,21
20220518,2022-05-18,Wednesday,May,2022,2,18,138,21
20220519,2022-05-19,Thursday,May,2022,2,19,139,21
20220520,2022-05-20,Friday,May,2022,2,20,140,21
20220521,2022-05-21,Saturday,May,2022,2,21,141,21
20220522,2022-05-22,Sunday,May,2022,2,22,142,22
20220523,2022-05-23,Monday,May,2022,2,23,143,22
20220524,2022-05-24,Tuesday,May,2022,2,24,144,22
20220525,2022-05-25,Wednesday,May,2022,2,25,145,22
20220526,2022-05-26,Thursday,May,2022,2,26,146,22
20220527,2022-05-27,Friday,May,2022,2,27,147,22
20220528,2022-05-28,Saturday,May,2022,2,28,148,22
20220529,2022-05-29,Sunday,May,2022,2,29,149,23
20220530,2022-05-30,Monday,May,2022,2,30,150,23
20220531,2022-05-31,Tuesday,May,2022,2,31,151,23
20220601,2022-06-01,Wednesday,Jun,2022,2,1,152,23
20220602,2022-06-02,Thursday,Jun,2022,2,2,153,23
20220603,2022-06-03,Friday,Jun,2022,2,3,154,23
20220604,2022-06-04,Saturday,Jun,2022,2,4,155,23
20220605,2022-06-05,Sunday,Jun,2022,2,5,156,24
20220606,2022-06-06,Monday,Jun,2022,2,6,157,24
20220607,2022-06-07,Tuesday,Jun,2022,2,7,158,24
20220608,2022-06-08,Wednesday,Jun,2022,2,8,159,24
20220609,2022-06-09,Thursday,Jun,2022,2,9,160,24
20220610,2022-06-10,Friday,Jun,2022,2,10,161,24
20220611,2022-06-11,Saturday,Jun,2022,2,11,162,24
20220612,2022-06-12,Sunday,Jun,2022,2,12,163,25
20220613,2022-06-13,Monday,Jun,2022,2,13,164,25
20220614,2022-06-14,Tuesday,Jun,2022,2,14,165,25
20220615,2022-06-15,Wednesday,Jun,2022,2,15,166,25
20220616,2022-06-16,Thursday,Jun,2022,2,16,167,25
20220617,2022-06-17,Friday,Jun,2022,2,17,168,25
20220618,2022-06-18,Saturday,Jun,2022,2,18,169,25
20220619,2022-06-19,Sunday,Jun,2022,2,19,170,26
20220620,2022-06-20,Monday,Jun,2022,2,20,171,26
20220621,2022-06-21,Tuesday,Jun,2022,2,21,172,26
20220622,2022-06-22,Wednesday,Jun,2022,2,22,173,26
20220623,2022-06-23,Thursday,Jun,2022,2,23,174,26
20220624,2022-06-24,Friday,Jun,2022,2,24,175,26
20220625,2022-06-25,Saturday,Jun,2022,2,25,176,26
20220626,2022-06-26,Sunday,Jun,2022,2,26,177,27
20220627,2022-06-27,Monday,Jun,2022,2,27,178,27
20220628,2022-06-28,Tuesday,Jun,2022,2,28,179,27
20220629,2022-06-29,Wednesday,Jun,2022,2,29,180,27
20220630,2022-06-30,Thursday,Jun,2022,2,30,181,27
20220701,2022-07-01,Friday,Jul,2022,3,1,182,27
20220702,2022-07-02,Saturday,Jul,2022,3,2,183,27
20220703,2022-07-03,Sunday,Jul,2022,3,3,184,28
20220704,2022-07-04,Monday,Jul,2022,3,4,185,28
20220705,2022-07-05,Tuesday,Jul,2022,3,5,186,28
20220706,2022-07-06,Wednesday,Jul,2022,3,6,187,28
20220707,2022-07-07,Thursday,Jul,2022,3,7,188,28
20220708,2022-07-08,Friday,Jul,2022,3,8,189,28
20220709,2022-07-09,Saturday,Jul,2022,3,9,190,28
20220710,2022-07-10,Sunday,Jul,2022,3,10,191,29
20220711,2022-07-11,Monday,Jul,2022,3,11,192,29
20220712,2022-07-12,Tuesday,Jul,2022,3,12,193,29
20220713,2022-07-13,Wednesday,Jul,2022,3,13,194,29
20220714,2022-07-14,Thursday,Jul,2022,3,14,195,29
20220715,2022-07-15,Friday,Jul,2022,3,15,196,29
20220716,2022-07-16,Saturday,Jul,2022,3,16,197,29
20220717,2022-07-17,Sunday,Jul,2022,3,17,198,30
20220718,2022-07-18,Monday,Jul,2022,3,18,199,30
20220719,2022-07-19,Tuesday,Jul,2022,3,19,200,30
20220720,2022-07-20,Wednesday,Jul,2022,3,20,201,30
20220721,2022-07-21,Thursday,Jul,2022,3,21,202,30
20220722,2022-07-22,Friday,Jul,2022,3,22,203,30
20220723,2022-07-23,Saturday,Jul,2022,3,23,204,30
20220724,2022-07-24,Sunday,Jul,2022,3,24,205,31
20220725,2022-07-25,Monday,Jul,2022,3,25,206,31
20220726,2022-07-26,Tuesday,Jul,2022,3,26,207,31
20220727,2022-07-27,Wednesday,Jul,2022,3,27,208,31
20220728,2022-07-28,Thursday,Jul,2022,3,28,209,31
20220729,2022-07-29,Friday,Jul,2022,3,29,210,31
20220730,2022-07-30,Saturday,Jul,2022,3,30,211,31
20220731,2022-07-31,Sunday,Jul,2022,3,31,212,32
20220801,2022-08-01,Monday,Aug,2022,3,1,213,32
20220802,2022-08-02,Tuesday,Aug,2022,3,2,214,32
20220803,2022-08-03,Wednesday,Aug,2022,3,3,215,32
20220804,2022-08-04,Thursday,Aug,2022,3,4,216,32
20220805,2022-08-05,Friday,Aug,2022,3,5,217,32
20220806,2022-08-06,Saturday,Aug,2022,3,6,218,32
20220807,2022-08-07,Sunday,Aug,2022,3,7,219,33
20220808,2022-08-08,Monday,Aug,2022,3,8,220,33
20220809,2022-08-09,Tuesday,Aug,2022,3,9,221,33
20220810,2022-08-10,Wednesday,Aug,2022,3,10,222,33
20220811,2022-08-11,Thursday,Aug,2022,3,11,223,33
20220812,2022-08-12,Friday,Aug,2022,3,12,224,33
20220813,2022-08-13,Saturday,Aug,2022,3,13,225,33
20220814,2022-08-14,Sunday,Aug,2022,3,14,226,34
20220815,2022-08-15,Monday,Aug,2022,3,15,227,34
20220816,2022-08-16,Tuesday,Aug,2022,3,16,228,34
20220817,2022-08-17,Wednesday,Aug,2022,3,17,229,34
20220818,2022-08-18,Thursday,Aug,2022,3,18,230,34
20220819,2022-08-19,Friday,Aug,2022,3,19,231,34
20220820,2022-08-20,Saturday,Aug,2022,3,20,232,34
20220821,2022-08-21,Sunday,Aug,2022,3,21,233,35
20220822,2022-08-22,Monday,Aug,2022,3,22,234,35
20220823,2022-08-23,Tuesday,Aug,2022,3,23,235,35
20220824,2022-08-24,Wednesday,Aug,2022,3,24,236,35
20220825,2022-08-25,Thursday,Aug,2022,3,25,237,35
20220826,2022-08-26,Friday,Aug,2022,3,26,238,35
20220827,2022-08-27,Saturday,Aug,2022,3,27,239,35
20220828,2022-08-28,Sunday,Aug,2022,3,28,240,36
20220829,2022-08-29,Monday,Aug,2022,3,29,241,36
20220830,2022-08-30,Tuesday,Aug,2022,3,30,242,36
20220831,2022-08-31,Wednesday,Aug,2022,3,31,243,36
20220901,2022-09-01,Thursday,Sep,2022,3,1,244,36
20220902,2022-09-02,Friday,Sep,2022,3,2,245,36
20220903,2022-09-03,Saturday,Sep,2022,3,3,246,36
20220904,2022-09-04,Sunday,Sep,2022,3,4,247,37
20220905,2022-09-05,Monday,Sep,2022,3,5,248,37
20220906,2022-09-06,Tuesday,Sep,2022,3,6,249,37
20220907,2022-09-07,Wednesday,Sep,2022,3,7,250,37
20220908,2022-09-08,Thursday,Sep,2022,3,8,251,37
20220909,2022-09-09,Friday,Sep,2022,3,9,252,37
20220910,2022-09-10,Saturday,Sep,2022,3,10,253,37
20220911,2022-09-11,Sunday,Sep,2022,3,11,254,38
20220912,2022-09-12,Monday,Sep,2022,3,12,255,38
20220913,2022-09-13,Tuesday,Sep,2022,3,13,256,38
20220914,2022-09-14,Wednesday,Sep,2022,3,14,257,38
20220915,2022-09-15,Thursday,Sep,2022,3,15,258,38
20220916,2022-09-16,Friday,Sep,2022,3,16,259,38
20220917,2022-09-17,Saturday,Sep,2022,3,17,260,38
20220918,2022-09-18,Sunday,Sep,2022,3,18,261,39
20220919,2022-09-19,Monday,Sep,2022,3,19,262,39
20220920,2022-09-20,Tuesday,Sep,2022,3,20,263,39
20220921,2022-09-21,Wednesday,Sep,2022,3,21,264,39
20220922,2022-09-22,Thursday,Sep,2022,3,22,265,39
20220923,2022-09-23,Friday,Sep,2022,3,23,266,39
20220924,2022-09-24,Saturday,Sep,2022,3,24,267,39
20220925,2022-09-25,Sunday,Sep,2022,3,25,268,40
20220926,2022-09-26,Monday,Sep,2022,3,26,269,40
20220927,2022-09-27,Tuesday,Sep,2022,3,27,270,40
20220928,2022-09-28,Wednesday,Sep,2022,3,28,271,40
20220929,2022-09-29,Thursday,Sep,2022,3,29,272,40
20220930,2022-09-30,Friday,Sep,2022,3,30,273,40
20221001,2022-10-01,Saturday,Oct,2022,4,1,274,40
20221002,2022-10-02,Sunday,Oct,2022,4,2,275,41
20221003,2022-10-03,Monday,Oct,2022,4,3,276,41
20221004,2022-10-04,Tuesday,Oct,2022,4,4,277,41
20221005,2022-10-05,Wednesday,Oct,2022,4,5,278,41
20221006,2022-10-06,Thursday,Oct,2022,4,6,279,41
20221007,2022-10-07,Friday,Oct,2022,4,7,280,41
20221008,2022-10-08,Saturday,Oct,2022,4,8,281,41
20221009,2022-10-09,Sunday,Oct,2022,4,9,282,42
20221010,2022-10-10,Monday,Oct,2022,4,10,283,42
20221011,2022-10-11,Tuesday,Oct,2022,4,11,284,42
20221012,2022-10-12,Wednesday,Oct,2022,4,12,285,42
20221013,2022-10-13,Thursday,Oct,2022,4,13,286,42
20221014,2022-10-14,Friday,Oct,2022,4,14,287,42
20221015,2022-10-15,Saturday,Oct,2022,4,15,288,42
20221016,2022-10-16,Sunday,Oct,2022,4,16,289,43
20221017,2022-10-17,Monday,Oct,2022,4,17,290,43
20221018,2022-10-18,Tuesday,Oct,2022,4,18,291,43
20221019,2022-10-19,Wednesday,Oct,2022,4,19,292,43
20221020,2022-10-20,Thursday,Oct,2022,4,20,293,43
20221021,2022-10-21,Friday,Oct,2022,4,21,294,43
20221022,2022-10-22,Saturday,Oct,2022,4,22,295,43
20221023,2022-10-23,Sunday,Oct,2022,4,23,296,44
20221024,2022-10-24,Monday,Oct,2022,4,24,297,44
20221025,2022-10-25,Tuesday,Oct,2022,4,25,298,44
20221026,2022-10-26,Wednesday,Oct,2022,4,26,299,44
20221027,2022-10-27,Thursday,Oct,2022,4,27,300,44
20221028,2022-10-28,Friday,Oct,2022,4,28,301,44
20221029,2022-10-29,Saturday,Oct,2022,4,29,302,44
20221030,2022-10-30,Sunday,Oct,2022,4,30,303,45
20221031,2022-10-31,Monday,Oct,2022,4,31,304,45
20221101,2022-11-01,Tuesday,Nov,2022,4,1,305,45
20221102,2022-11-02,Wednesday,Nov,2022,4,2,306,45
20221103,2022-11-03,Thursday,Nov,2022,4,3,307,45
20221104,2022-11-04,Friday,Nov,2022,4,4,308,45
20221105,2022-11-05,Saturday,Nov,2022,4,5,309,45
20221106,2022-11-06,Sunday,Nov,2022,4,6,310,46
20221107,2022-11-07,Monday,Nov,2022,4,7,311,46
20221108,2022-11-08,Tuesday,Nov,2022,4,8,312,46
20221109,2022-11-09,Wednesday,Nov,2022,4,9,313,46
20221110,2022-11-10,Thursday,Nov,2022,4,10,314,46
20221111,2022-11-11,Friday,Nov,2022,4,11,315,46
20221112,2022-11-12,Saturday,Nov,2022,4,12,316,46
20221113,2022-11-13,Sunday,Nov,2022,4,13,317,47
20221114,2022-11-14,Monday,Nov,2022,4,14,318,47
20221115,2022-11-15,Tuesday,Nov,2022,4,15,319,47
20221116,2022-11-16,Wednesday,Nov,2022,4,16,320,47
20221117,2022-11-17,Thursday,Nov,2022,4,17,321,47
20221118,2022-11-18,Friday,Nov,2022,4,18,322,47
20221119,2022-11-19,Saturday,Nov,2022,4,19,323,47
20221120,2022-11-20,Sunday,Nov,2022,4,20,324,48
20221121,2022-11-21,Monday,Nov,2022,4,21,325,48
20221122,2022-11-22,Tuesday,Nov,2022,4,22,326,48
20221123,2022-11-23,Wednesday,Nov,2022,4,23,327,48
20221124,2022-11-24,Thursday,Nov,2022,4,24,328,48
20221125,2022-11-25,Friday,Nov,2022,4,25,329,48
20221126,2022-11-26,Saturday,Nov,2022,4,26,330,48
20221127,2022-11-27,Sunday,Nov,2022,4,27,331,49
20221128,2022-11-28,Monday,Nov,2022,4,28,332,49
20221129,2022-11-29,Tuesday,Nov,2022,4,29,333,49
20221130,2022-11-30,Wednesday,Nov,2022,4,30,334,49
20221201,2022-12-01,Thursday,Dec,2022,4,1,335,49
20221202,2022-12-02,Friday,Dec,2022,4,2,336,49
20221203,2022-12-03,Saturday,Dec,2022,4,3,337,49
20221204,2022-12-04,Sunday,Dec,2022,4,4,338,50
20221205,2022-12-05,Monday,Dec,2022,4,5,339,50
20221206,2022-12-06,Tuesday,Dec,2022,4,6,340,50
20221207,2022-12-07,Wednesday,Dec,2022,4,7,341,50
20221208,2022-12-08,Thursday,Dec,2022,4,8,342,50
20221209,2022-12-09,Friday,Dec,2022,4,9,343,50
20221210,2022-12-10,Saturday,Dec,2022,4,10,344,50
20221211,2022-12-11,Sunday,Dec,2022,4,11,345,51
20221212,2022-12-12,Monday,Dec,2022,4,12,346,51
20221213,2022-12-13,Tuesday,Dec,2022,4,13,347,51
20221214,2022-12-14,Wednesday,Dec,2022,4,14,348,51
20221215,2022-12-15,Thursday,Dec,2022,4,15,349,51
20221216,2022-12-16,Friday,Dec,2022,4,16,350,51
20221217,2022-12-17,Saturday,Dec,2022,4,17,351,51
20221218,2022-12-18,Sunday,Dec,2022,4,18,352,52
20221219,2022-12-19,Monday,Dec,2022,4,19,353,52
20221220,2022-12-20,Tuesday,Dec,2022,4,20,354,52
20221221,2022-12-21,Wednesday,Dec,2022,4,21,355,52
20221222,2022-12-22,Thursday,Dec,2022,4,22,356,52
20221223,2022-12-23,Friday,Dec,2022,4,23,357,52
20221224,2022-12-24,Saturday,Dec,2022,4,24,358,52
20221225,2022-12-25,Sunday,Dec,2022,4,25,359,53
20221226,2022-12-26,Monday,Dec,2022,4,26,360,53
20221227,2022-12-27,Tuesday,Dec,2022,4,27,361,53
20221228,2022-12-28,Wednesday,Dec,2022,4,28,362,53
20221229,2022-12-29,Thursday,Dec,2022,4,29,363,53
20221230,2022-12-30,Friday,Dec,2022,4,30,364,53
20221231,2022-12-31,Saturday,Dec,2022,4,31,365,53
20230101,2023-01-01,Sunday,Jan,2023,1,1,1,1
20230102,2023-01-02,Monday,Jan,2023,1,2,2,1
20230103,2023-01-03,Tuesday,Jan,2023,1,3,3,1
20230104,2023-01-04,Wednesday,Jan,2023,1,4,4,1
20230105,2023-01-05,Thursday,Jan,2023,1,5,5,1
20230106,2023-01-06,Friday,Jan,2023,1,6,6,1
20230107,2023-01-07,Saturday,Jan,2023,1,7,7,1
20230108,2023-01-08,Sunday,Jan,2023,1,8,8,2
20230109,2023-01-09,Monday,Jan,2023,1,9,9,2
20230110,2023-01-10,Tuesday,Jan,2023,1,10,10,2
20230111,2023-01-11,Wednesday,Jan,2023,1,11,11,2
20230112,2023-01-12,Thursday,Jan,2023,1,12,12,2
20230113,2023-01-13,Friday,Jan,2023,1,13,13,2
20230114,2023-01-14,Saturday,Jan,2023,1,14,14,2
20230115,2023-01-15,Sunday,Jan,2023,1,15,15,3
20230116,2023-01-16,Monday,Jan,2023,1,16,16,3
20230117,2023-01-17,Tuesday,Jan,2023,1,17,17,3
20230118,2023-01-18,Wednesday,Jan,2023,1,18,18,3
20230119,2023-01-19,Thursday,Jan,2023,1,19,19,3
20230120,2023-01-20,Friday,Jan,2023,1,20,20,3
20230121,2023-01-21,Saturday,Jan,2023,1,21,21,3
20230122,2023-01-22,Sunday,Jan,2023,1,22,22,4
20230123,2023-01-23,Monday,Jan,2023,1,23,23,4
20230124,2023-01-24,Tuesday,Jan,2023,1,24,24,4
20230125,2023-01-25,Wednesday,Jan,2023,1,25,25,4
20230126,2023-01-26,Thursday,Jan,2023,1,26,26,4
20230127,2023-01-27,Friday,Jan,2023,1,27,27,4
20230128,2023-01-28,Saturday,Jan,2023,1,28,28,4
20230129,2023-01-29,Sunday,Jan,2023,1,29,29,5
20230130,2023-01-30,Monday,Jan,2023,1,30,30,5
20230131,2023-01-31,Tuesday,Jan,2023,1,31,31,5
20230201,2023-02-01,Wednesday,Feb,2023,1,1,32,5
20230202,2023-02-02,Thursday,Feb,2023,1,2,33,5
20230203,2023-02-03,Friday,Feb,2023,1,3,34,5
20230204,2023-02-04,Saturday,Feb,2023,1,4,35,5
20230205,2023-02-05,Sunday,Feb,2023,1,5,36,6
20230206,2023-02-06,Monday,Feb,2023,1,6,37,6
20230207,2023-02-07,Tuesday,Feb,2023,1,7,38,6
20230208,2023-02-08,Wednesday,Feb,2023,1,8,39,6
20230209,2023-02-09,Thursday,Feb,2023,1,9,40,6
20230210,2023-02-10,Friday,Feb,2023,1,10,41,6
20230211,2023-02-11,Saturday,Feb,2023,1,11,42,6
20230212,2023-02-12,Sunday,Feb,2023,1,12,43,7
20230213,2023-02-13,Monday,Feb,2023,1,13,44,7
20230214,2023-02-14,Tuesday,Feb,2023,1,14,45,7
20230215,2023-02-15,Wednesday,Feb,2023,1,15,46,7
20230216,2023-02-16,Thursday,Feb,2023,1,16,47,7
20230217,2023-02-17,Friday,Feb,2023,1,17,48,7
20230218,2023-02-18,Saturday,Feb,2023,1,18,49,7
20230219,2023-02-19,Sunday,Feb,2023,1,19,50,8
20230220,2023-02-20,Monday,Feb,2023,1,20,51,8
20230221,2023-02-21,Tuesday,Feb,2023,1,21,52,8
20230222,2023-02-22,Wednesday,Feb,2023,1,22,53,8
20230223,2023-02-23,Thursday,Feb,2023,1,23,54,8
20230224,2023-02-24,Friday,Feb,2023,1,24,55,8
20230225,2023-02-25,Saturday,Feb,2023,1,25,56,8
20230226,2023-02-26,Sunday,Feb,2023,1,26,57,9
20230227,2023-02-27,Monday,Feb,2023,1,27,58,9
20230228,2023-02-28,Tuesday,Feb,2023,1,28,59,9
20230301,2023-03-01,Wednesday,Mar,2023,1,1,60,9
20230302,2023-03-02,Thursday,Mar,2023,1,2,61,9
20230303,2023-03-03,Friday,Mar,2023,1,3,62,9
20230304,2023-03-04,Saturday,Mar,2023,1,4,63,9
20230305,2023-03-05,Sunday,Mar,2023,1,5,64,10
20230306,2023-03-06,Monday,Mar,2023,1,6,65,10
20230307,2023-03-07,Tuesday,Mar,2023,1,7,66,10
20230308,2023-03-08,Wednesday,Mar,2023,1,8,67,10
20230309,2023-03-09,Thursday,Mar,2023,1,9,68,10
20230310,2023-03-10,Friday,Mar,2023,1,10,69,10
20230311,2023-03-11,Saturday,Mar,2023,1,11,70,10
20230312,2023-03-12,Sunday,Mar,2023,1,12,71,11
20230313,2023-03-13,Monday,Mar,2023,1,13,72,11
20230314,2023-03-14,Tuesday,Mar,2023,1,14,73,11
20230315,2023-03-15,Wednesday,Mar,2023,1,15,74,11
20230316,2023-03-16,Thursday,Mar,2023,1,16,75,11
20230317,2023-03-17,Friday,Mar,2023,1,17,76,11
20230318,2023-03-18,Saturday,Mar,2023,1,18,77,11
20230319,2023-03-19,Sunday,Mar,2023,1,19,78,12
20230320,2023-03-20,Monday,Mar,2023,1,20,79,12
20230321,2023-03-21,Tuesday,Mar,2023,1,21,80,12
20230322,2023-03-22,Wednesday,Mar,2023,1,22,81,12
20230323,2023-03-23,Thursday,Mar,2023,1,23,82,12
20230324,2023-03-24,Friday,Mar,2023,1,24,83,12
20230325,2023-03-25,Saturday,Mar,2023,1,25,84,12
20230326,2023-03-26,Sunday,Mar,2023,1,26,85,13
20230327,2023-03-27,Monday,Mar,2023,1,27,86,13
20230328,2023-03-28,Tuesday,Mar,2023,1,28,87,13
20230329,2023-03-29,Wednesday,Mar,2023,1,29,88,13
20230330,2023-03-30,Thursday,Mar,2023,1,30,89,13
20230331,2023-03-31,Friday,Mar,2023,1,31,90,13
20230401,2023-04-01,Saturday,Apr,2023,2,1,91,13
20230402,2023-04-02,Sunday,Apr,2023,2,2,92,14
20230403,2023-04-03,Monday,Apr,2023,2,3,93,14
20230404,2023-04-04,Tuesday,Apr,2023,2,4,94,14
20230405,2023-04-05,Wednesday,Apr,2023,2,5,95,14
20230406,2023-04-06,Thursday,Apr,2023,2,6,96,14
20230407,2023-04-07,Friday,Apr,2023,2,7,97,14
20230408,2023-04-08,Saturday,Apr,2023,2,8,98,14
20230409,2023-04-09,Sunday,Apr,2023,2,9,99,15
20230410,2023-04-10,Monday,Apr,2023,2,10,100,15
20230411,2023-04-11,Tuesday,Apr,2023,2,11,101,15
20230412,2023-04-12,Wednesday,Apr,2023,2,12,102,15
20230413,2023-04-13,Thursday,Apr,2023,2,13,103,15
20230414,2023-04-14,Friday,Apr,2023,2,14,104,15
20230415,2023-04-15,Saturday,Apr,2023,2,15,105,15
20230416,2023-04-16,Sunday,Apr,2023,2,16,106,16
20230417,2023-04-17,Monday,Apr,2023,2,17,107,16
20230418,2023-04-18,Tuesday,Apr,2023,2,18,108,16
20230419,2023-04-19,Wednesday,Apr,2023,2,19,109,16
20230420,2023-04-20,Thursday,Apr,2023,2,20,110,16
20230421,2023-04-21,Friday,Apr,2023,2,21,111,16
20230422,2023-04-22,Saturday,Apr,2023,2,22,112,16
20230423,2023-04-23,Sunday,Apr,2023,2,23,113,17
20230424,2023-04-24,Monday,Apr,2023,2,24,114,17
20230425,2023-04-25,Tuesday,Apr,2023,2,25,115,17
20230426,2023-04-26,Wednesday,Apr,2023,2,26,116,17
20230427,2023-04-27,Thursday,Apr,2023,2,27,117,17
20230428,2023-04-28,Friday,Apr,2023,2,28,118,17
20230429,2023-04-29,Saturday,Apr,2023,2,29,119,17
20230430,2023-04-30,Sunday,Apr,2023,2,30,120,18
20230501,2023-05-01,Monday,May,2023,2,1,121,18
20230502,2023-05-02,Tuesday,May,2023,2,2,122,18
20230503,2023-05-03,Wednesday,May,2023,2,3,123,18
20230504,2023-05-04,Thursday,May,2023,2,4,124,18
20230505,2023-05-05,Friday,May,2023,2,5,125,18
20230506,2023-05-06,Saturday,May,2023,2,6,126,18
20230507,2023-05-07,Sunday,May,2023,2,7,127,19
20230508,2023-05-08,Monday,May,2023,2,8,128,19
20230509,2023-05-09,Tuesday,May,2023,2,9,129,19
20230510,2023-05-10,Wednesday,May,2023,2,10,130,19
20230511,2023-05-11,Thursday,May,2023,2,11,131,19
20230512,2023-05-12,Friday,May,2023,2,12,132,19
20230513,2023-05-13,Saturday,May,2023,2,13,133,19
20230514,2023-05-14,Sunday,May,2023,2,14,134,20
20230515,2023-05-15,Monday,May,2023,2,15,135,20
20230516,2023-05-16,Tuesday,May,2023,2,16,136,20
20230517,2023-05-17,Wednesday,May,2023,2,17,137,20
20230518,2023-05-18,Thursday,May,2023,2,18,138,20
20230519,2023-05-19,Friday,May,2023,2,19,139,20
20230520,2023-05-20,Saturday,May,2023,2,20,140,20
20230521,2023-05-21,Sunday,May,2023,2,21,141,21
20230522,2023-05-22,Monday,May,2023,2,22,142,21
20230523,2023-05-23,Tuesday,May,2023,2,23,143,21
20230524,2023-05-24,Wednesday,May,2023,2,24,144,21
20230525,2023-05-25,Thursday,May,2023,2,25,145,21
20230526,2023-05-26,Friday,May,2023,2,26,146,21
20230527,2023-05-27,Saturday,May,2023,2,27,147,21
20230528,2023-05-28,Sunday,May,2023,2,28,148,22
20230529,2023-05-29,Monday,May,2023,2,29,149,22
20230530,2023-05-30,Tuesday,May,2023,2,30,150,22
20230531,2023-05-31,Wednesday,May,2023,2,31,151,22
20230601,2023-06-01,Thursday,Jun,2023,2,1,152,22
20230602,2023-06-02,Friday,Jun,2023,2,2,153,22
20230603,2023-06-03,Saturday,Jun,2023,2,3,154,22
20230604,2023-06-04,Sunday,Jun,2023,2,4,155,23
20230605,2023-06-05,Monday,Jun,2023,2,5,156,23
20230606,2023-06-06,Tuesday,Jun,2023,2,6,157,23
20230607,2023-06-07,Wednesday,Jun,2023,2,7,158,23
20230608,2023-06-08,Thursday,Jun,2023,2,8,159,23
20230609,2023-06-09,Friday,Jun,2023,2,9,160,23
20230610,2023-06-10,Saturday,Jun,2023,2,10,161,23
20230611,2023-06-11,Sunday,Jun,2023,2,11,162,24
20230612,2023-06-12,Monday,Jun,2023,2,12,163,24
20230613,2023-06-13,Tuesday,Jun,2023,2,13,164,24
20230614,2023-06-14,Wednesday,Jun,2023,2,14,165,24
20230615,2023-06-15,Thursday,Jun,2023,2,15,166,24
20230616,2023-06-16,Friday,Jun,2023,2,16,167,24
20230617,2023-06-17,Saturday,Jun,2023,2,17,168,24
20230618,2023-06-18,Sunday,Jun,2023,2,18,169,25
20230619,2023-06-19,Monday,Jun,2023,2,19,170,25
20230620,2023-06-20,Tuesday,Jun,2023,2,20,171,25
20230621,2023-06-21,Wednesday,Jun,2023,2,21,172,25
20230622,2023-06-22,Thursday,Jun,2023,2,22,173,25
20230623,2023-06-23,Friday,Jun,2023,2,23,174,25
20230624,2023-06-24,Saturday,Jun,2023,2,24,175,25
20230625,2023-06-25,Sunday,Jun,2023,2,25,176,26
20230626,2023-06-26,Monday,Jun,2023,2,26,177,26
20230627,2023-06-27,Tuesday,Jun,2023,2,27,178,26
20230628,2023-06-28,Wednesday,Jun,2023,2,28,179,26
20230629,2023-06-29,Thursday,Jun,2023,2,29,180,26
20230630,2023-06-30,Friday,Jun,2023,2,30,181,26
20230701,2023-07-01,Saturday,Jul,2023,3,1,182,26
20230702,2023-07-02,Sunday,Jul,2023,3,2,183,27
20230703,2023-07-03,Monday,Jul,2023,3,3,184,27
20230704,2023-07-04,Tuesday,Jul,2023,3,4,185,27
20230705,2023-07-05,Wednesday,Jul,2023,3,5,186,27
20230706,2023-07-06,Thursday,Jul,2023,3,6,187,27
20230707,2023-07-07,Friday,Jul,2023,3,7,188,27
20230708,2023-07-08,Saturday,Jul,2023,3,8,189,27
20230709,2023-07-09,Sunday,Jul,2023,3,9,190,28
20230710,2023-07-10,Monday,Jul,2023,3,10,191,28
20230711,2023-07-11,Tuesday,Jul,2023,3,11,192,28
20230712,2023-07-12,Wednesday,Jul,2023,3,12,193,28
20230713,2023-07-13,Thursday,Jul,2023,3,13,194,28
20230714,2023-07-14,Friday,Jul,2023,3,14,195,28
20230715,2023-07-15,Saturday,Jul,2023,3,15,196,28
20230716,2023-07-16,Sunday,Jul,2023,3,16,197,29
20230717,2023-07-17,Monday,Jul,2023,3,17,198,29
20230718,2023-07-18,Tuesday,Jul,2023,3,18,199,29
20230719,2023-07-19,Wednesday,Jul,2023,3,19,200,29
20230720,2023-07-20,Thursday,Jul,2023,3,20,201,29
20230721,2023-07-21,Friday,Jul,2023,3,21,202,29
20230722,2023-07-22,Saturday,Jul,2023,3,22,203,29
20230723,2023-07-23,Sunday,Jul,2023,3,23,204,30
20230724,2023-07-24,Monday,Jul,2023,3,24,205,30
20230725,2023-07-25,Tuesday,Jul,2023,3,25,206,30
20230726,2023-07-26,Wednesday,Jul,2023,3,26,207,30
20230727,2023-07-27,Thursday,Jul,2023,3,27,208,30
20230728,2023-07-28,Friday,Jul,2023,3,28,209,30
20230729,2023-07-29,Saturday,Jul,2023,3,29,210,30
20230730,2023-07-30,Sunday,Jul,2023,3,30,211,31
20230731,2023-07-31,Monday,Jul,2023,3,31,212,31
20230801,2023-08-01,Tuesday,Aug,2023,3,1,213,31
20230802,2023-08-02,Wednesday,Aug,2023,3,2,214,31
20230803,2023-08-03,Thursday,Aug,2023,3,3,215,31
20230804,2023-08-04,Friday,Aug,2023,3,4,216,31
20230805,2023-08-05,Saturday,Aug,2023,3,5,217,31
20230806,2023-08-06,Sunday,Aug,2023,3,6,218,32
20230807,2023-08-07,Monday,Aug,2023,3,7,219,32
20230808,2023-08-08,Tuesday,Aug,2023,3,8,220,32
20230809,2023-08-09,Wednesday,Aug,2023,3,9,221,32
20230810,2023-08-10,Thursday,Aug,2023,3,10,222,32
20230811,2023-08-11,Friday,Aug,2023,3,11,223,32
20230812,2023-08-12,Saturday,Aug,2023,3,12,224,32
20230813,2023-08-13,Sunday,Aug,2023,3,13,225,33
20230814,2023-08-14,Monday,Aug,2023,3,14,226,33
20230815,2023-08-15,Tuesday,Aug,2023,3,15,227,33
20230816,2023-08-16,Wednesday,Aug,2023,3,16,228,33
20230817,2023-08-17,Thursday,Aug,2023,3,17,229,33
20230818,2023-08-18,Friday,Aug,2023,3,18,230,33
20230819,2023-08-19,Saturday,Aug,2023,3,19,231,33
20230820,2023-08-20,Sunday,Aug,2023,3,20,232,34
20230821,2023-08-21,Monday,Aug,2023,3,21,233,34
20230822,2023-08-22,Tuesday,Aug,2023,3,22,234,34
20230823,2023-08-23,Wednesday,Aug,2023,3,23,235,34
20230824,2023-08-24,Thursday,Aug,2023,3,24,236,34
20230825,2023-08-25,Friday,Aug,2023,3,25,237,34
20230826,2023-08-26,Saturday,Aug,2023,3,26,238,34
20230827,2023-08-27,Sunday,Aug,2023,3,27,239,35
20230828,2023-08-28,Monday,Aug,2023,3,28,240,35
20230829,2023-08-29,Tuesday,Aug,2023,3,29,241,35
20230830,2023-08-30,Wednesday,Aug,2023,3,30,242,35
20230831,2023-08-31,Thursday,Aug,2023,3,31,243,35
20230901,2023-09-01,Friday,Sep,2023,3,1,244,35
20230902,2023-09-02,Saturday,Sep,2023,3,2,245,35
20230903,2023-09-03,Sunday,Sep,2023,3,3,246,36
20230904,2023-09-04,Monday,Sep,2023,3,4,247,36
20230905,2023-09-05,Tuesday,Sep,2023,3,5,248,36
20230906,2023-09-06,Wednesday,Sep,2023,3,6,249,36
20230907,2023-09-07,Thursday,Sep,2023,3,7,250,36
20230908,2023-09-08,Friday,Sep,2023,3,8,251,36
20230909,2023-09-09,Saturday,Sep,2023,3,9,252,36
20230910,2023-09-10,Sunday,Sep,2023,3,10,253,37
20230911,2023-09-11,Monday,Sep,2023,3,11,254,37
20230912,2023-09-12,Tuesday,Sep,2023,3,12,255,37
20230913,2023-09-13,Wednesday,Sep,2023,3,13,256,37
20230914,2023-09-14,Thursday,Sep,2023,3,14,257,37
20230915,2023-09-15,Friday,Sep,2023,3,15,258,37
20230916,2023-09-16,Saturday,Sep,2023,3,16,259,37
20230917,2023-09-17,Sunday,Sep,2023,3,17,260,38
20230918,2023-09-18,Monday,Sep,2023,3,18,261,38
20230919,2023-09-19,Tuesday,Sep,2023,3,19,262,38
20230920,2023-09-20,Wednesday,Sep,2023,3,20,263,38
20230921,2023-09-21,Thursday,Sep,2023,3,21,264,38
20230922,2023-09-22,Friday,Sep,2023,3,22,265,38
20230923,2023-09-23,Saturday,Sep,2023,3,23,266,38
20230924,2023-09-24,Sunday,Sep,2023,3,24,267,39
20230925,2023-09-25,Monday,Sep,2023,3,25,268,39
20230926,2023-09-26,Tuesday,Sep,2023,3,26,269,39
20230927,2023-09-27,Wednesday,Sep,2023,3,27,270,39
20230928,2023-09-28,Thursday,Sep,2023,3,28,271,39
20230929,2023-09-29,Friday,Sep,2023,3,29,272,39
20230930,2023-09-30,Saturday,Sep,2023,3,30,273,39
20231001,2023-10-01,Sunday,Oct,2023,4,1,274,40
20231002,2023-10-02,Monday,Oct,2023,4,2,275,40
20231003,2023-10-03,Tuesday,Oct,2023,4,3,276,40
20231004,2023-10-04,Wednesday,Oct,2023,4,4,277,40
20231005,2023-10-05,Thursday,Oct,2023,4,5,278,40
20231006,2023-10-06,Friday,Oct,2023,4,6,279,40
20231007,2023-10-07,Saturday,Oct,2023,4,7,280,40
20231008,2023-10-08,Sunday,Oct,2023,4,8,281,41
20231009,2023-10-09,Monday,Oct,2023,4,9,282,41
20231010,2023-10-10,Tuesday,Oct,2023,4,10,283,41
20231011,2023-10-11,Wednesday,Oct,2023,4,11,284,41
20231012,2023-10-12,Thursday,Oct,2023,4,12,285,41
20231013,2023-10-13,Friday,Oct,2023,4,13,286,41
20231014,2023-10-14,Saturday,Oct,2023,4,14,287,41
20231015,2023-10-15,Sunday,Oct,2023,4,15,288,42
20231016,2023-10-16,Monday,Oct,2023,4,16,289,42
20231017,2023-10-17,Tuesday,Oct,2023,4,17,290,42
20231018,2023-10-18,Wednesday,Oct,2023,4,18,291,42
20231019,2023-10-19,Thursday,Oct,2023,4,19,292,42
20231020,2023-10-20,Friday,Oct,2023,4,20,293,42
20231021,2023-10-21,Saturday,Oct,2023,4,21,294,42
20231022,2023-10-22,Sunday,Oct,2023,4,22,295,43
20231023,2023-10-23,Monday,Oct,2023,4,23,296,43
20231024,2023-10-24,Tuesday,Oct,2023,4,24,297,43
20231025,2023-10-25,Wednesday,Oct,2023,4,25,298,43
20231026,2023-10-26,Thursday,Oct,2023,4,26,299,43
20231027,2023-10-27,Friday,Oct,2023,4,27,300,43
20231028,2023-10-28,Saturday,Oct,2023,4,28,301,43
20231029,2023-10-29,Sunday,Oct,2023,4,29,302,44
20231030,2023-10-30,Monday,Oct,2023,4,30,303,44
20231031,2023-10-31,Tuesday,Oct,2023,4,31,304,44
20231101,2023-11-01,Wednesday,Nov,2023,4,1,305,44
20231102,2023-11-02,Thursday,Nov,2023,4,2,306,44
20231103,2023-11-03,Friday,Nov,2023,4,3,307,44
20231104,2023-11-04,Saturday,Nov,2023,4,4,308,44
20231105,2023-11-05,Sunday,Nov,2023,4,5,309,45
20231106,2023-11-06,Monday,Nov,2023,4,6,310,45
20231107,2023-11-07,Tuesday,Nov,2023,4,7,311,45
20231108,2023-11-08,Wednesday,Nov,2023,4,8,312,45
20231109,2023-11-09,Thursday,Nov,2023,4,9,313,45
20231110,2023-11-10,Friday,Nov,2023,4,10,314,45
20231111,2023-11-11,Saturday,Nov,2023,4,11,315,45
20231112,2023-11-12,Sunday,Nov,2023,4,12,316,46
20231113,2023-11-13,Monday,Nov,2023,4,13,317,46
20231114,2023-11-14,Tuesday,Nov,2023,4,14,318,46
20231115,2023-11-15,Wednesday,Nov,2023,4,15,319,46
20231116,2023-11-16,Thursday,Nov,2023,4,16,320,46
20231117,2023-11-17,Friday,Nov,2023,4,17,321,46
20231118,2023-11-18,Saturday,Nov,2023,4,18,322,46
20231119,2023-11-19,Sunday,Nov,2023,4,19,323,47
20231120,2023-11-20,Monday,Nov,2023,4,20,324,47
20231121,2023-11-21,Tuesday,Nov,2023,4,21,325,47
20231122,2023-11-22,Wednesday,Nov,2023,4,22,326,47
20231123,2023-11-23,Thursday,Nov,2023,4,23,327,47
20231124,2023-11-24,Friday,Nov,2023,4,24,328,47
20231125,2023-11-25,Saturday,Nov,2023,4,25,329,47
20231126,2023-11-26,Sunday,Nov,2023,4,26,330,48
20231127,2023-11-27,Monday,Nov,2023,4,27,331,48
20231128,2023-11-28,Tuesday,Nov,2023,4,28,332,48
20231129,2023-11-29,Wednesday,Nov,2023,4,29,333,48
20231130,2023-11-30,Thursday,Nov,2023,4,30,334,48
20231201,2023-12-01,Friday,Dec,2023,4,1,335,48
20231202,2023-12-02,Saturday,Dec,2023,4,2,336,48
20231203,2023-12-03,Sunday,Dec,2023,4,3,337,49
20231204,2023-12-04,Monday,Dec,2023,4,4,338,49
20231205,2023-12-05,Tuesday,Dec,2023,4,5,339,49
20231206,2023-12-06,Wednesday,Dec,2023,4,6,340,49
20231207,2023-12-07,Thursday,Dec,2023,4,7,341,49
20231208,2023-12-08,Friday,Dec,2023,4,8,342,49
20231209,2023-12-09,Saturday,Dec,2023,4,9,343,49
20231210,2023-12-10,Sunday,Dec,2023,4,10,344,50
20231211,2023-12-11,Monday,Dec,2023,4,11,345,50
20231212,2023-12-12,Tuesday,Dec,2023,4,12,346,50
20231213,2023-12-13,Wednesday,Dec,2023,4,13,347,50
20231214,2023-12-14,Thursday,Dec,2023,4,14,348,50
20231215,2023-12-15,Friday,Dec,2023,4,15,349,50
20231216,2023-12-16,Saturday,Dec,2023,4,16,350,50
20231217,2023-12-17,Sunday,Dec,2023,4,17,351,51
20231218,2023-12-18,Monday,Dec,2023,4,18,352,51
20231219,2023-12-19,Tuesday,Dec,2023,4,19,353,51
20231220,2023-12-20,Wednesday,Dec,2023,4,20,354,51
20231221,2023-12-21,Thursday,Dec,2023,4,21,355,51
20231222,2023-12-22,Friday,Dec,2023,4,22,356,51
20231223,2023-12-23,Saturday,Dec,2023,4,23,357,51
20231224,2023-12-24,Sunday,Dec,2023,4,24,358,52
20231225,2023-12-25,Monday,Dec,2023,4,25,359,52
20231226,2023-12-26,Tuesday,Dec,2023,4,26,360,52
20231227,2023-12-27,Wednesday,Dec,2023,4,27,361,52
20231228,2023-12-28,Thursday,Dec,2023,4,28,362,52
20231229,2023-12-29,Friday,Dec,2023,4,29,363,52
20231230,2023-12-30,Saturday,Dec,2023,4,30,364,52
20231231,2023-12-31,Sunday,Dec,2023,4,31,365,53
